City,Agency,State,1985,1986,1987,1988,1989,1990,1991,1992,1993,1994,1995,1996,1997,1998,1999,2000,2001,2002,2003,2004,2005,2006_hist,2007_hist,2008_hist,2009_hist,2010_hist,2011_hist,2012_hist,2013_hist,2014_hist,Unnamed: 32,2006_new,2007_new,2008_new,2009_new,2010_new,2011_new,2012_new,2013_new,2014_new,2015,2016,2006_diff,2006_diff_pct,2006,2007_diff,2007_diff_pct,2007,2008_diff,2008_diff_pct,2008,2009_diff,2009_diff_pct,2009,2010_diff,2010_diff_pct,2010,2011_diff,2011_diff_pct,2011,2012_diff,2012_diff_pct,2012,2013_diff,2013_diff_pct,2013,2014_diff,2014_diff_pct,2014
		,		,"1. The figures shown in this column for the offense of rape were estimated using the legacy UCR definition of rape - previously known as ""Forcible"" rape.  See UCR Offense Definitions for further information.",,,,,,,,,,,,,,,,,,,,,,,,,,,,,,,,,,,,,,,,,,,,,,,,,,,,,,,,,,,,,,,,,,,,,
		,		,2. The figures shown in this column for the offense of rape were estimated using the revised Uniform Crime Reporting (UCR) definition of rape. In December 2011 the UCR program changed its definition of SRS rape to this revised definition. This change can be seen in the UCR data starting in 2013. Prior to 2013 this column will be blank. See UCR Offense Definitions for further information.,,,,,,,,,,,,,,,,,,,,,,,,,,,,,,,,,,,,,,,,,,,,,,,,,,,,,,,,,,,,,,,,,,,,,
              MSA and non-MSA county populations are not available.,              MSA and non-MSA county populations are not available.,,,,,,,,,,,,,,,,,,,,,,,,,,,,,,,,,,,,,,,,,,,,,,,,,,,,,,,,,,,,,,,,,,,,,,
              Variations in population coverage and reporting practices may cause differences in reporting from year to year. (See definitions),              Variations in population coverage and reporting practices may cause differences in reporting from year to year. (See definitions),,,,,,,,,,,,,,,,,,,,,,,,,,,,,,,,,,,,,,,,,,,,,,,,,,,,,,,,,,,,,,,,,,,,,,
          Crime rates are not available for agencies that report data for less than 12 months of a year.,          Crime rates are not available for agencies that report data for less than 12 months of a year.,,,,,,,,,,,,,,,,,,,,,,,,,,,,,,,,,,,,,,,,,,,,,,,,,,,,,,,,,,,,,,,,,,,,,,
"         Avon Connecticut 2010 - Because of changes in the agency's reporting practices, 2010 figures are not comparable to previous years' data.","         Avon Police Dept Connecticut 2010 - Because of changes in the agency's reporting practices, 2010 figures are not comparable to previous years' data.",,,,,,,,,,,,,,,,,,,,,,,,,,,,,,,,,,,,,,,,,,,,,,,,,,,,,,,,,,,,,,,,,,,,,,
"         Bristol Connecticut 1993 - Due to reporting changes, 1993 aggravated assault figure is not comparable to previous years.","         Bristol Police Dept Connecticut 1993 - Due to reporting changes, 1993 aggravated assault figure is not comparable to previous years.",,,,,,,,,,,,,,,,,,,,,,,,,,,,,,,,,,,,,,,,,,,,,,,,,,,,,,,,,,,,,,,,,,,,,,
"         Fairfield Connecticut 1993 - Due to reporting changes, 1993 aggravated assault figure is not comparable to previous years.","         Fairfield Police Dept Connecticut 1993 - Due to reporting changes, 1993 aggravated assault figure is not comparable to previous years.",,,,,,,,,,,,,,,,,,,,,,,,,,,,,,,,,,,,,,,,,,,,,,,,,,,,,,,,,,,,,,,,,,,,,,
"         Manchester Connecticut 2004 - Because of changes in reporting practices, annexations, and/or incomplete data, 2004 figures are not comparable to previous years' data.","         Manchester Police Dept Connecticut 2004 - Because of changes in reporting practices, annexations, and/or incomplete data, 2004 figures are not comparable to previous years' data.",,,,,,,,,,,,,,,,,,,,,,,,,,,,,,,,,,,,,,,,,,,,,,,,,,,,,,,,,,,,,,,,,,,,,,
"         Stamford Connecticut 2005 - Because of changes in the agency's reporting practices, 2005 figures are not comparable to previous years' data.","         Stamford Police Dept Connecticut 2005 - Because of changes in the agency's reporting practices, 2005 figures are not comparable to previous years' data.",,,,,,,,,,,,,,,,,,,,,,,,,,,,,,,,,,,,,,,,,,,,,,,,,,,,,,,,,,,,,,,,,,,,,,
"         West Haven Connecticut 2002 - Due to changes in reporting practices, annexations, and/or incomplete data, 2002 figures are not comparable to previous years' data.","         West Haven Police Dept Connecticut 2002 - Due to changes in reporting practices, annexations, and/or incomplete data, 2002 figures are not comparable to previous years' data.",,,,,,,,,,,,,,,,,,,,,,,,,,,,,,,,,,,,,,,,,,,,,,,,,,,,,,,,,,,,,,,,,,,,,,
Agency,Agency,State,1985.0,1986.0,1987.0,1988.0,1989.0,1990.0,1991.0,1992.0,1993.0,1994.0,1995.0,1996.0,1997.0,1998.0,1999.0,2000.0,2001.0,2002.0,2003.0,2004.0,2005.0,2006.0,2007.0,2008.0,2009.0,2010.0,2011.0,2012.0,2013.0,2014.0,,,,,,,,,,,,,,,,,,,,,,,,,,,,,,,,,,,,,,,
Ansonia,Ansonia Police Dept,CT,33.0,5.0,1.0,5.0,4.0,1.0,10.0,3.0,2.0,7.0,7.0,6.0,12.0,15.0,11.0,7.0,1.0,9.0,2.0,2.0,3.0,4.0,3.0,3.0,4.0,2.0,3.0,4.0,,,,3.0,3.0,3.0,4.0,2.0,3.0,4.0,5.0,6.0,5.0,2.0,-1.0,-0.25,,0.0,0.0,3.0,0.0,0.0,3.0,0.0,0.0,4.0,0.0,0.0,2.0,0.0,0.0,3.0,0.0,0.0,4.0,,,,,,
Ansonia,Ansonia Police Dept,CT,,,,,,,,,,,,,,,,,,,,,,,,,,,,,5.0,6.0,,3.0,3.0,3.0,4.0,2.0,3.0,4.0,5.0,6.0,5.0,2.0,,,,,,,,,,,,,,,,,,,,,,0.0,0.0,5.0,0.0,0.0,6.0
Avon,Avon Police Dept,CT,0.0,0.0,2.0,0.0,3.0,2.0,1.0,0.0,1.0,0.0,1.0,0.0,0.0,0.0,0.0,0.0,0.0,1.0,0.0,0.0,0.0,3.0,0.0,1.0,3.0,1.0,0.0,2.0,,,,3.0,0.0,1.0,3.0,1.0,0.0,2.0,8.0,1.0,1.0,0.0,0.0,0.0,3.0,0.0,,0.0,0.0,0.0,1.0,0.0,0.0,3.0,0.0,0.0,1.0,0.0,,0.0,0.0,0.0,2.0,,,,,,
Avon,Avon Police Dept,CT,,,,,,,,,,,,,,,,,,,,,,,,,,,,,8.0,1.0,,3.0,0.0,1.0,3.0,1.0,0.0,2.0,8.0,1.0,1.0,0.0,,,,,,,,,,,,,,,,,,,,,,0.0,0.0,8.0,0.0,0.0,1.0
Berlin,Berlin Police Dept,CT,0.0,1.0,2.0,0.0,0.0,0.0,0.0,0.0,0.0,2.0,0.0,5.0,0.0,0.0,0.0,0.0,0.0,4.0,0.0,0.0,1.0,1.0,1.0,2.0,1.0,2.0,1.0,0.0,,,,1.0,1.0,2.0,1.0,2.0,1.0,0.0,5.0,3.0,2.0,3.0,0.0,0.0,1.0,0.0,0.0,1.0,0.0,0.0,2.0,0.0,0.0,1.0,0.0,0.0,2.0,0.0,0.0,1.0,0.0,,0.0,,,,,,
Berlin,Berlin Police Dept,CT,,,,,,,,,,,,,,,,,,,,,,,,,,,,,5.0,3.0,,1.0,1.0,2.0,1.0,2.0,1.0,0.0,5.0,3.0,2.0,3.0,,,,,,,,,,,,,,,,,,,,,,0.0,0.0,5.0,0.0,0.0,3.0
Bethel,Bethel Police Dept,CT,3.0,4.0,4.0,3.0,3.0,4.0,11.0,1.0,0.0,1.0,1.0,1.0,0.0,1.0,0.0,3.0,0.0,1.0,2.0,1.0,1.0,1.0,2.0,0.0,0.0,1.0,0.0,3.0,,,,1.0,2.0,0.0,0.0,1.0,0.0,3.0,2.0,0.0,4.0,0.0,0.0,0.0,1.0,0.0,0.0,2.0,0.0,,0.0,0.0,,0.0,0.0,0.0,1.0,0.0,,0.0,0.0,0.0,3.0,,,,,,
Bethel,Bethel Police Dept,CT,,,,,,,,,,,,,,,,,,,,,,,,,,,,,2.0,0.0,,1.0,2.0,0.0,0.0,1.0,0.0,3.0,2.0,0.0,4.0,0.0,,,,,,,,,,,,,,,,,,,,,,0.0,0.0,2.0,0.0,,0.0
Bloomfield,Bloomfield Police Dept,CT,3.0,5.0,5.0,6.0,2.0,6.0,3.0,4.0,4.0,7.0,7.0,8.0,5.0,7.0,8.0,7.0,14.0,8.0,16.0,16.0,4.0,8.0,9.0,4.0,12.0,3.0,6.0,5.0,,,,,9.0,4.0,12.0,3.0,6.0,5.0,9.0,6.0,8.0,9.0,,,,0.0,0.0,9.0,0.0,0.0,4.0,0.0,0.0,12.0,0.0,0.0,3.0,0.0,0.0,6.0,0.0,0.0,5.0,,,,,,
Bloomfield,Bloomfield Police Dept,CT,,,,,,,,,,,,,,,,,,,,,,,,,,,,,9.0,7.0,,,9.0,4.0,12.0,3.0,6.0,5.0,9.0,6.0,8.0,9.0,,,,,,,,,,,,,,,,,,,,,,0.0,0.0,9.0,-1.0,-0.142857142857,
Branford,Branford Police Dept,CT,0.0,2.0,3.0,0.0,4.0,1.0,4.0,4.0,2.0,6.0,3.0,2.0,7.0,13.0,15.0,19.0,9.0,6.0,10.0,14.0,16.0,15.0,6.0,13.0,0.0,0.0,0.0,0.0,,,,,6.0,13.0,0.0,0.0,0.0,0.0,0.0,0.0,0.0,2.0,,,,0.0,0.0,6.0,0.0,0.0,13.0,0.0,,0.0,0.0,,0.0,0.0,,0.0,0.0,,0.0,,,,,,
Branford,Branford Police Dept,CT,,,,,,,,,,,,,,,,,,,,,,,,,,,,,0.0,0.0,,,6.0,13.0,0.0,0.0,0.0,0.0,0.0,0.0,0.0,2.0,,,,,,,,,,,,,,,,,,,,,,0.0,,0.0,0.0,,0.0
Bridgeport,Bridgeport Police Dept,CT,57.0,75.0,58.0,90.0,70.0,79.0,82.0,74.0,72.0,59.0,46.0,61.0,89.0,74.0,66.0,85.0,69.0,65.0,49.0,59.0,65.0,69.0,77.0,58.0,58.0,57.0,116.0,388.0,82.0,,,69.0,77.0,58.0,58.0,57.0,116.0,388.0,,92.0,80.0,69.0,0.0,0.0,69.0,0.0,0.0,77.0,0.0,0.0,58.0,0.0,0.0,58.0,0.0,0.0,57.0,0.0,0.0,116.0,0.0,0.0,388.0,,,,,,
Bridgeport,Bridgeport Police Dept,CT,,,,,,,,,,,,,,,,,,,,,,,,,,,,,,92.0,,69.0,77.0,58.0,58.0,57.0,116.0,388.0,,92.0,80.0,69.0,,,,,,,,,,,,,,,,,,,,,,,,,0.0,0.0,92.0
Bristol,Bristol Police Dept,CT,4.0,2.0,6.0,3.0,5.0,12.0,6.0,2.0,5.0,34.0,19.0,20.0,14.0,18.0,22.0,9.0,16.0,32.0,9.0,23.0,14.0,13.0,12.0,27.0,26.0,27.0,10.0,9.0,,,,13.0,12.0,27.0,26.0,27.0,10.0,9.0,15.0,11.0,11.0,10.0,0.0,0.0,13.0,0.0,0.0,12.0,0.0,0.0,27.0,0.0,0.0,26.0,0.0,0.0,27.0,0.0,0.0,10.0,0.0,0.0,9.0,,,,,,
Bristol,Bristol Police Dept,CT,,,,,,,,,,,,,,,,,,,,,,,,,,,,,15.0,12.0,,13.0,12.0,27.0,26.0,27.0,10.0,9.0,15.0,11.0,11.0,10.0,,,,,,,,,,,,,,,,,,,,,,0.0,0.0,15.0,-1.0,-0.0833333333333,
Brookfield,Brookfield Police Dept,CT,2.0,3.0,1.0,1.0,4.0,2.0,2.0,1.0,0.0,1.0,0.0,1.0,0.0,0.0,1.0,0.0,0.0,2.0,0.0,3.0,0.0,1.0,0.0,1.0,0.0,0.0,1.0,0.0,,,,,0.0,1.0,0.0,0.0,1.0,0.0,0.0,0.0,0.0,0.0,,,,0.0,,0.0,0.0,0.0,1.0,0.0,,0.0,0.0,,0.0,0.0,0.0,1.0,0.0,,0.0,,,,,,
Brookfield,Brookfield Police Dept,CT,,,,,,,,,,,,,,,,,,,,,,,,,,,,,0.0,0.0,,,0.0,1.0,0.0,0.0,1.0,0.0,0.0,0.0,0.0,0.0,,,,,,,,,,,,,,,,,,,,,,0.0,,0.0,0.0,,0.0
Canton,Canton Town Police Dept,CT,0.0,0.0,0.0,1.0,0.0,1.0,0.0,1.0,0.0,0.0,0.0,0.0,0.0,0.0,1.0,1.0,0.0,0.0,0.0,0.0,0.0,0.0,2.0,0.0,0.0,0.0,1.0,1.0,,,,0.0,2.0,0.0,0.0,0.0,1.0,1.0,2.0,1.0,0.0,0.0,0.0,,0.0,0.0,0.0,2.0,0.0,,0.0,0.0,,0.0,0.0,,0.0,0.0,0.0,1.0,0.0,0.0,1.0,,,,,,
Canton,Canton Town Police Dept,CT,,,,,,,,,,,,,,,,,,,,,,,,,,,,,2.0,1.0,,0.0,2.0,0.0,0.0,0.0,1.0,1.0,2.0,1.0,0.0,0.0,,,,,,,,,,,,,,,,,,,,,,0.0,0.0,2.0,0.0,0.0,1.0
Cheshire,Cheshire Police Dept,CT,2.0,3.0,2.0,0.0,4.0,0.0,3.0,0.0,1.0,0.0,0.0,0.0,1.0,0.0,0.0,1.0,0.0,1.0,2.0,1.0,1.0,3.0,1.0,1.0,0.0,0.0,0.0,0.0,,,,3.0,1.0,0.0,0.0,0.0,0.0,0.0,0.0,0.0,1.0,2.0,0.0,0.0,3.0,0.0,0.0,1.0,-1.0,-1.0,,0.0,,0.0,0.0,,0.0,0.0,,0.0,0.0,,0.0,,,,,,
Cheshire,Cheshire Police Dept,CT,,,,,,,,,,,,,,,,,,,,,,,,,,,,,0.0,1.0,,3.0,1.0,0.0,0.0,0.0,0.0,0.0,0.0,0.0,1.0,2.0,,,,,,,,,,,,,,,,,,,,,,0.0,,0.0,-1.0,-1.0,
Clinton,Clinton Police Dept,CT,0.0,0.0,0.0,0.0,0.0,0.0,0.0,0.0,0.0,0.0,0.0,0.0,3.0,0.0,4.0,2.0,1.0,1.0,5.0,2.0,7.0,3.0,5.0,7.0,3.0,7.0,7.0,16.0,,,,,5.0,7.0,3.0,7.0,7.0,16.0,6.0,7.0,5.0,7.0,,,,0.0,0.0,5.0,0.0,0.0,7.0,0.0,0.0,3.0,0.0,0.0,7.0,0.0,0.0,7.0,0.0,0.0,16.0,,,,,,
Clinton,Clinton Police Dept,CT,,,,,,,,,,,,,,,,,,,,,,,,,,,,,6.0,7.0,,,5.0,7.0,3.0,7.0,7.0,16.0,6.0,7.0,5.0,7.0,,,,,,,,,,,,,,,,,,,,,,0.0,0.0,6.0,0.0,0.0,7.0
Coventry,Coventry Police Dept,CT,0.0,2.0,5.0,3.0,1.0,0.0,1.0,0.0,0.0,0.0,0.0,0.0,0.0,0.0,0.0,0.0,0.0,0.0,0.0,3.0,3.0,0.0,1.0,1.0,5.0,1.0,5.0,2.0,,,,,1.0,1.0,4.0,1.0,5.0,2.0,1.0,6.0,1.0,1.0,,,,0.0,0.0,1.0,0.0,0.0,1.0,-1.0,-0.2,,0.0,0.0,1.0,0.0,0.0,5.0,0.0,0.0,2.0,,,,,,
Coventry,Coventry Police Dept,CT,,,,,,,,,,,,,,,,,,,,,,,,,,,,,1.0,6.0,,,1.0,1.0,4.0,1.0,5.0,2.0,1.0,6.0,1.0,1.0,,,,,,,,,,,,,,,,,,,,,,0.0,0.0,1.0,0.0,0.0,6.0
Cromwell,Cromwell Police Dept,CT,2.0,1.0,0.0,1.0,0.0,2.0,1.0,1.0,0.0,1.0,2.0,1.0,1.0,5.0,1.0,0.0,1.0,0.0,0.0,0.0,1.0,0.0,3.0,0.0,2.0,1.0,1.0,1.0,,,,,3.0,0.0,2.0,1.0,1.0,1.0,0.0,2.0,0.0,0.0,,,,0.0,0.0,3.0,0.0,,0.0,0.0,0.0,2.0,0.0,0.0,1.0,0.0,0.0,1.0,0.0,0.0,1.0,,,,,,
Cromwell,Cromwell Police Dept,CT,,,,,,,,,,,,,,,,,,,,,,,,,,,,,0.0,1.0,,,3.0,0.0,2.0,1.0,1.0,1.0,0.0,2.0,0.0,0.0,,,,,,,,,,,,,,,,,,,,,,0.0,,0.0,1.0,1.0,
Danbury,Danbury Police Dept,CT,17.0,13.0,17.0,15.0,20.0,14.0,20.0,12.0,12.0,9.0,10.0,6.0,6.0,16.0,6.0,10.0,10.0,23.0,16.0,19.0,22.0,11.0,20.0,15.0,25.0,21.0,34.0,23.0,25.0,,,11.0,20.0,15.0,25.0,21.0,34.0,23.0,,31.0,45.0,30.0,0.0,0.0,11.0,0.0,0.0,20.0,0.0,0.0,15.0,0.0,0.0,25.0,0.0,0.0,21.0,0.0,0.0,34.0,0.0,0.0,23.0,,,,,,
Danbury,Danbury Police Dept,CT,,,,,,,,,,,,,,,,,,,,,,,,,,,,,,31.0,,11.0,20.0,15.0,25.0,21.0,34.0,23.0,,31.0,45.0,30.0,,,,,,,,,,,,,,,,,,,,,,,,,0.0,0.0,31.0
Darien,Darien Police Dept,CT,0.0,3.0,0.0,1.0,0.0,1.0,0.0,1.0,1.0,0.0,1.0,1.0,0.0,0.0,0.0,0.0,0.0,1.0,0.0,0.0,0.0,0.0,0.0,0.0,0.0,0.0,0.0,0.0,,,,0.0,0.0,0.0,0.0,0.0,0.0,0.0,0.0,2.0,0.0,0.0,0.0,,0.0,0.0,,0.0,0.0,,0.0,0.0,,0.0,0.0,,0.0,0.0,,0.0,0.0,,0.0,,,,,,
Darien,Darien Police Dept,CT,,,,,,,,,,,,,,,,,,,,,,,,,,,,,0.0,2.0,,0.0,0.0,0.0,0.0,0.0,0.0,0.0,0.0,2.0,0.0,0.0,,,,,,,,,,,,,,,,,,,,,,0.0,,0.0,0.0,0.0,2.0
Date of download: Sep 26 2017 ,Date of download: Sep 26 2017 ,,,,,,,,,,,,,,,,,,,,,,,,,,,,,,,,,,,,,,,,,,,,,,,,,,,,,,,,,,,,,,,,,,,,,,
Derby,Derby Police Dept,CT,4.0,1.0,2.0,1.0,4.0,3.0,3.0,0.0,2.0,1.0,23.0,8.0,2.0,3.0,2.0,1.0,1.0,0.0,2.0,5.0,1.0,2.0,2.0,7.0,3.0,2.0,1.0,8.0,,,,,2.0,6.0,4.0,2.0,1.0,8.0,2.0,3.0,4.0,6.0,,,,0.0,0.0,2.0,-1.0,-0.142857142857,,1.0,0.333333333333,,0.0,0.0,2.0,0.0,0.0,1.0,0.0,0.0,8.0,,,,,,
Derby,Derby Police Dept,CT,,,,,,,,,,,,,,,,,,,,,,,,,,,,,2.0,3.0,,,2.0,6.0,4.0,2.0,1.0,8.0,2.0,3.0,4.0,6.0,,,,,,,,,,,,,,,,,,,,,,0.0,0.0,2.0,0.0,0.0,3.0
East Hampton,East Hampton Police Dept,CT,1.0,1.0,3.0,0.0,1.0,0.0,0.0,2.0,0.0,0.0,0.0,0.0,0.0,0.0,1.0,0.0,2.0,0.0,1.0,0.0,3.0,0.0,0.0,2.0,0.0,0.0,2.0,1.0,,,,0.0,0.0,2.0,0.0,0.0,2.0,1.0,0.0,1.0,2.0,0.0,0.0,,0.0,0.0,,0.0,0.0,0.0,2.0,0.0,,0.0,0.0,,0.0,0.0,0.0,2.0,0.0,0.0,1.0,,,,,,
East Hampton,East Hampton Police Dept,CT,,,,,,,,,,,,,,,,,,,,,,,,,,,,,0.0,1.0,,0.0,0.0,2.0,0.0,0.0,2.0,1.0,0.0,1.0,2.0,0.0,,,,,,,,,,,,,,,,,,,,,,0.0,,0.0,0.0,0.0,1.0
East Hartford Police,East Hartford Police,CT,18.0,13.0,,10.0,15.0,16.0,10.0,14.0,12.0,13.0,12.0,5.0,7.0,8.0,5.0,23.0,19.0,12.0,24.0,33.0,20.0,27.0,17.0,23.0,14.0,21.0,22.0,26.0,,,,,,,,,,,,,,,,,,,,,,,,,,,,,,,,,,,,,,,,,
East Hartford Police,East Hartford Police,CT,,,,,,,,,,,,,,,,,,,,,,,,,,,,,31.0,25.0,,,,,,,,,,,,,,,,,,,,,,,,,,,,,,,,,,,,,,,
East Haven,East Haven Police Dept,CT,2.0,1.0,1.0,1.0,2.0,0.0,4.0,2.0,2.0,1.0,1.0,1.0,0.0,2.0,0.0,3.0,7.0,11.0,7.0,0.0,0.0,1.0,6.0,4.0,3.0,3.0,0.0,6.0,,,,1.0,6.0,4.0,3.0,3.0,0.0,6.0,3.0,8.0,2.0,4.0,0.0,0.0,1.0,0.0,0.0,6.0,0.0,0.0,4.0,0.0,0.0,3.0,0.0,0.0,3.0,0.0,,0.0,0.0,0.0,6.0,,,,,,
East Haven,East Haven Police Dept,CT,,,,,,,,,,,,,,,,,,,,,,,,,,,,,4.0,8.0,,1.0,6.0,4.0,3.0,3.0,0.0,6.0,3.0,8.0,2.0,4.0,,,,,,,,,,,,,,,,,,,,,,-1.0,-0.25,,0.0,0.0,8.0
East Windsor,East Windsor Police Dept,CT,2.0,0.0,0.0,1.0,2.0,2.0,3.0,2.0,2.0,3.0,2.0,1.0,2.0,10.0,5.0,6.0,2.0,8.0,4.0,5.0,4.0,3.0,4.0,2.0,2.0,2.0,3.0,7.0,,,,3.0,4.0,3.0,2.0,2.0,3.0,7.0,3.0,5.0,9.0,3.0,0.0,0.0,3.0,0.0,0.0,4.0,1.0,0.5,,0.0,0.0,2.0,0.0,0.0,2.0,0.0,0.0,3.0,0.0,0.0,7.0,,,,,,
East Windsor,East Windsor Police Dept,CT,,,,,,,,,,,,,,,,,,,,,,,,,,,,,4.0,5.0,,3.0,4.0,3.0,2.0,2.0,3.0,7.0,3.0,5.0,9.0,3.0,,,,,,,,,,,,,,,,,,,,,,-1.0,-0.25,,0.0,0.0,5.0
Enfield,Enfield Police Dept,CT,6.0,6.0,1.0,4.0,4.0,6.0,5.0,4.0,0.0,3.0,0.0,2.0,0.0,1.0,5.0,1.0,0.0,2.0,5.0,4.0,7.0,8.0,7.0,0.0,0.0,0.0,,0.0,1.0,,,8.0,9.0,0.0,0.0,,,0.0,,1.0,10.0,7.0,0.0,0.0,8.0,2.0,0.285714285714,,0.0,,0.0,0.0,,0.0,,,,,,,0.0,,0.0,,,,,,
Enfield,Enfield Police Dept,CT,,,,,,,,,,,,,,,,,,,,,,,,,,,,,,1.0,,8.0,9.0,0.0,0.0,,,0.0,,1.0,10.0,7.0,,,,,,,,,,,,,,,,,,,,,,,,,0.0,0.0,1.0
Fairfield,Fairfield Police Dept,CT,0.0,4.0,2.0,1.0,0.0,1.0,1.0,0.0,1.0,4.0,0.0,3.0,4.0,3.0,6.0,1.0,1.0,3.0,5.0,7.0,4.0,3.0,2.0,5.0,2.0,3.0,1.0,2.0,,,,3.0,2.0,5.0,2.0,2.0,1.0,2.0,5.0,4.0,4.0,3.0,0.0,0.0,3.0,0.0,0.0,2.0,0.0,0.0,5.0,0.0,0.0,2.0,-1.0,-0.333333333333,,0.0,0.0,1.0,0.0,0.0,2.0,,,,,,
Fairfield,Fairfield Police Dept,CT,,,,,,,,,,,,,,,,,,,,,,,,,,,,,5.0,4.0,,3.0,2.0,5.0,2.0,2.0,1.0,2.0,5.0,4.0,4.0,3.0,,,,,,,,,,,,,,,,,,,,,,0.0,0.0,5.0,0.0,0.0,4.0
Farmington,Farmington Police Dept,CT,1.0,1.0,0.0,2.0,2.0,6.0,1.0,3.0,2.0,2.0,4.0,2.0,4.0,7.0,2.0,1.0,4.0,4.0,1.0,3.0,2.0,3.0,0.0,0.0,6.0,6.0,0.0,2.0,,,,3.0,0.0,0.0,5.0,6.0,0.0,2.0,3.0,6.0,3.0,4.0,0.0,0.0,3.0,0.0,,0.0,0.0,,0.0,-1.0,-0.166666666667,,0.0,0.0,6.0,0.0,,0.0,0.0,0.0,2.0,,,,,,
Farmington,Farmington Police Dept,CT,,,,,,,,,,,,,,,,,,,,,,,,,,,,,3.0,6.0,,3.0,0.0,0.0,5.0,6.0,0.0,2.0,3.0,6.0,3.0,4.0,,,,,,,,,,,,,,,,,,,,,,0.0,0.0,3.0,0.0,0.0,6.0
Glastonbury,Glastonbury Police Dept,CT,0.0,2.0,0.0,0.0,1.0,3.0,0.0,2.0,4.0,1.0,6.0,6.0,1.0,5.0,1.0,0.0,2.0,0.0,0.0,3.0,0.0,1.0,2.0,3.0,3.0,2.0,2.0,3.0,,,,1.0,2.0,3.0,3.0,1.0,2.0,3.0,0.0,1.0,0.0,,0.0,0.0,1.0,0.0,0.0,2.0,0.0,0.0,3.0,0.0,0.0,3.0,-1.0,-0.5,,0.0,0.0,2.0,0.0,0.0,3.0,,,,,,
Glastonbury,Glastonbury Police Dept,CT,,,,,,,,,,,,,,,,,,,,,,,,,,,,,0.0,1.0,,1.0,2.0,3.0,3.0,1.0,2.0,3.0,0.0,1.0,0.0,,,,,,,,,,,,,,,,,,,,,,,0.0,,0.0,0.0,0.0,1.0
Granby,Granby Police Dept,CT,0.0,0.0,1.0,0.0,0.0,0.0,1.0,2.0,0.0,0.0,0.0,0.0,3.0,3.0,1.0,1.0,0.0,3.0,1.0,1.0,0.0,0.0,6.0,2.0,2.0,1.0,4.0,0.0,,,,0.0,6.0,2.0,2.0,1.0,4.0,0.0,2.0,1.0,1.0,0.0,0.0,,0.0,0.0,0.0,6.0,0.0,0.0,2.0,0.0,0.0,2.0,0.0,0.0,1.0,0.0,0.0,4.0,0.0,,0.0,,,,,,
Granby,Granby Police Dept,CT,,,,,,,,,,,,,,,,,,,,,,,,,,,,,2.0,1.0,,0.0,6.0,2.0,2.0,1.0,4.0,0.0,2.0,1.0,1.0,0.0,,,,,,,,,,,,,,,,,,,,,,0.0,0.0,2.0,0.0,0.0,1.0
Greenwich,Greenwich Police Dept,CT,2.0,0.0,2.0,0.0,1.0,1.0,6.0,2.0,0.0,5.0,10.0,8.0,9.0,5.0,3.0,3.0,4.0,2.0,2.0,2.0,1.0,1.0,1.0,2.0,2.0,2.0,3.0,2.0,,,,1.0,1.0,2.0,2.0,1.0,3.0,2.0,2.0,2.0,1.0,1.0,0.0,0.0,1.0,0.0,0.0,1.0,0.0,0.0,2.0,0.0,0.0,2.0,-1.0,-0.5,,0.0,0.0,3.0,0.0,0.0,2.0,,,,,,
Greenwich,Greenwich Police Dept,CT,,,,,,,,,,,,,,,,,,,,,,,,,,,,,4.0,2.0,,1.0,1.0,2.0,2.0,1.0,3.0,2.0,2.0,2.0,1.0,1.0,,,,,,,,,,,,,,,,,,,,,,-2.0,-0.5,,0.0,0.0,2.0
Groton,Groton Town Police Dept,CT,29.0,22.0,21.0,16.0,23.0,16.0,12.0,13.0,13.0,15.0,20.0,48.0,58.0,44.0,35.0,34.0,27.0,45.0,20.0,37.0,12.0,4.0,1.0,6.0,4.0,6.0,7.0,8.0,,,,4.0,5.0,4.0,5.0,4.0,4.0,4.0,0.0,4.0,11.0,4.0,0.0,0.0,4.0,4.0,4.0,,-2.0,-0.333333333333,,1.0,0.25,,-2.0,-0.333333333333,,-3.0,-0.428571428571,,-4.0,-0.5,,,,,,,
Groton,Groton Town Police Dept,CT,,,,,,,,,,,,,,,,,,,,,,,,,,,,,17.0,11.0,,4.0,5.0,4.0,5.0,4.0,4.0,4.0,0.0,4.0,11.0,4.0,,,,,,,,,,,,,,,,,,,,,,-17.0,-1.0,,-7.0,-0.636363636364,
Guilford,Guilford Police Dept,CT,2.0,0.0,1.0,2.0,1.0,0.0,5.0,4.0,1.0,3.0,7.0,1.0,4.0,6.0,8.0,2.0,2.0,3.0,5.0,6.0,2.0,7.0,5.0,5.0,5.0,2.0,3.0,3.0,1.0,,,7.0,5.0,5.0,5.0,2.0,3.0,3.0,,1.0,4.0,2.0,0.0,0.0,7.0,0.0,0.0,5.0,0.0,0.0,5.0,0.0,0.0,5.0,0.0,0.0,2.0,0.0,0.0,3.0,0.0,0.0,3.0,,,,,,
Guilford,Guilford Police Dept,CT,,,,,,,,,,,,,,,,,,,,,,,,,,,,,,1.0,,7.0,5.0,5.0,5.0,2.0,3.0,3.0,,1.0,4.0,2.0,,,,,,,,,,,,,,,,,,,,,,,,,0.0,0.0,1.0
Hamden,Hamden Police Dept,CT,18.0,11.0,7.0,12.0,13.0,18.0,9.0,16.0,8.0,7.0,18.0,14.0,14.0,9.0,8.0,8.0,4.0,2.0,9.0,10.0,4.0,13.0,13.0,5.0,10.0,3.0,3.0,3.0,,,,13.0,13.0,5.0,10.0,,,3.0,12.0,10.0,10.0,8.0,0.0,0.0,13.0,0.0,0.0,13.0,0.0,0.0,5.0,0.0,0.0,10.0,,,,,,,0.0,0.0,3.0,,,,,,
Hamden,Hamden Police Dept,CT,,,,,,,,,,,,,,,,,,,,,,,,,,,,,12.0,10.0,,13.0,13.0,5.0,10.0,,,3.0,12.0,10.0,10.0,8.0,,,,,,,,,,,,,,,,,,,,,,0.0,0.0,12.0,0.0,0.0,10.0
Hartford,Hartford Police Dept,CT,106.0,104.0,124.0,160.0,167.0,160.0,181.0,125.0,99.0,97.0,112.0,94.0,47.0,62.0,52.0,53.0,64.0,57.0,64.0,54.0,46.0,47.0,58.0,61.0,49.0,46.0,55.0,27.0,53.0,,,47.0,58.0,61.0,49.0,46.0,55.0,27.0,,45.0,44.0,65.0,0.0,0.0,47.0,0.0,0.0,58.0,0.0,0.0,61.0,0.0,0.0,49.0,0.0,0.0,46.0,0.0,0.0,55.0,0.0,0.0,27.0,,,,,,
Hartford,Hartford Police Dept,CT,,,,,,,,,,,,,,,,,,,,,,,,,,,,,,45.0,,47.0,58.0,61.0,49.0,46.0,55.0,27.0,,45.0,44.0,65.0,,,,,,,,,,,,,,,,,,,,,,,,,0.0,0.0,45.0
Madison,Madison Police Dept,CT,0.0,0.0,1.0,1.0,1.0,2.0,4.0,0.0,0.0,0.0,0.0,1.0,2.0,0.0,1.0,0.0,0.0,0.0,0.0,0.0,1.0,0.0,0.0,1.0,0.0,3.0,0.0,0.0,,,,0.0,0.0,1.0,0.0,3.0,0.0,0.0,1.0,1.0,0.0,0.0,0.0,,0.0,0.0,,0.0,0.0,0.0,1.0,0.0,,0.0,0.0,0.0,3.0,0.0,,0.0,0.0,,0.0,,,,,,
Madison,Madison Police Dept,CT,,,,,,,,,,,,,,,,,,,,,,,,,,,,,1.0,1.0,,0.0,0.0,1.0,0.0,3.0,0.0,0.0,1.0,1.0,0.0,0.0,,,,,,,,,,,,,,,,,,,,,,0.0,0.0,1.0,0.0,0.0,1.0
Manchester,Manchester Police Dept,CT,9.0,21.0,14.0,14.0,27.0,15.0,39.0,32.0,39.0,34.0,28.0,28.0,24.0,40.0,21.0,19.0,16.0,18.0,27.0,15.0,11.0,9.0,6.0,6.0,12.0,11.0,9.0,12.0,16.0,,,9.0,6.0,6.0,12.0,11.0,9.0,12.0,,11.0,18.0,14.0,0.0,0.0,9.0,0.0,0.0,6.0,0.0,0.0,6.0,0.0,0.0,12.0,0.0,0.0,11.0,0.0,0.0,9.0,0.0,0.0,12.0,,,,,,
Manchester,Manchester Police Dept,CT,,,,,,,,,,,,,,,,,,,,,,,,,,,,,,11.0,,9.0,6.0,6.0,12.0,11.0,9.0,12.0,,11.0,18.0,14.0,,,,,,,,,,,,,,,,,,,,,,,,,0.0,0.0,11.0
Meriden,Meriden Police Dept,CT,7.0,15.0,11.0,12.0,15.0,13.0,5.0,9.0,5.0,5.0,5.0,1.0,7.0,4.0,11.0,4.0,7.0,4.0,8.0,14.0,14.0,11.0,6.0,10.0,12.0,6.0,9.0,25.0,19.0,,,11.0,6.0,10.0,12.0,6.0,9.0,25.0,,17.0,30.0,28.0,0.0,0.0,11.0,0.0,0.0,6.0,0.0,0.0,10.0,0.0,0.0,12.0,0.0,0.0,6.0,0.0,0.0,9.0,0.0,0.0,25.0,,,,,,
Meriden,Meriden Police Dept,CT,,,,,,,,,,,,,,,,,,,,,,,,,,,,,,17.0,,11.0,6.0,10.0,12.0,6.0,9.0,25.0,,17.0,30.0,28.0,,,,,,,,,,,,,,,,,,,,,,,,,0.0,0.0,17.0
Middletown,Middletown Police Dept,CT,15.0,15.0,19.0,10.0,7.0,12.0,,10.0,5.0,4.0,3.0,2.0,0.0,3.0,3.0,5.0,8.0,2.0,0.0,0.0,1.0,3.0,0.0,4.0,0.0,4.0,10.0,1.0,,,,3.0,0.0,4.0,0.0,4.0,10.0,1.0,12.0,4.0,7.0,5.0,0.0,0.0,3.0,0.0,,0.0,0.0,0.0,4.0,0.0,,0.0,0.0,0.0,4.0,0.0,0.0,10.0,0.0,0.0,1.0,,,,,,
Middletown,Middletown Police Dept,CT,,,,,,,,,,,,,,,,,,,,,,,,,,,,,12.0,4.0,,3.0,0.0,4.0,0.0,4.0,10.0,1.0,12.0,4.0,7.0,5.0,,,,,,,,,,,,,,,,,,,,,,0.0,0.0,12.0,0.0,0.0,4.0
Milford,Milford Police Dept,CT,10.0,10.0,8.0,13.0,10.0,9.0,7.0,12.0,7.0,9.0,5.0,25.0,22.0,19.0,15.0,10.0,12.0,16.0,3.0,14.0,6.0,12.0,4.0,6.0,6.0,3.0,0.0,2.0,1.0,,,12.0,4.0,6.0,6.0,3.0,0.0,2.0,,0.0,1.0,0.0,0.0,0.0,12.0,0.0,0.0,4.0,0.0,0.0,6.0,0.0,0.0,6.0,0.0,0.0,3.0,0.0,,0.0,0.0,0.0,2.0,,,,,,
Milford,Milford Police Dept,CT,,,,,,,,,,,,,,,,,,,,,,,,,,,,,,0.0,,12.0,4.0,6.0,6.0,3.0,0.0,2.0,,0.0,1.0,0.0,,,,,,,,,,,,,,,,,,,,,,,,,0.0,,0.0
Monroe,Monroe Police Dept,CT,1.0,1.0,1.0,0.0,1.0,1.0,2.0,2.0,0.0,0.0,0.0,0.0,0.0,0.0,0.0,0.0,3.0,4.0,0.0,1.0,1.0,1.0,2.0,1.0,2.0,0.0,3.0,1.0,,,,1.0,2.0,1.0,2.0,0.0,3.0,1.0,0.0,1.0,0.0,0.0,0.0,0.0,1.0,0.0,0.0,2.0,0.0,0.0,1.0,0.0,0.0,2.0,0.0,,0.0,0.0,0.0,3.0,0.0,0.0,1.0,,,,,,
Monroe,Monroe Police Dept,CT,,,,,,,,,,,,,,,,,,,,,,,,,,,,,0.0,1.0,,1.0,2.0,1.0,2.0,0.0,3.0,1.0,0.0,1.0,0.0,0.0,,,,,,,,,,,,,,,,,,,,,,0.0,,0.0,0.0,0.0,1.0
Naugatuck,Naugatuck Police Dept,CT,0.0,0.0,0.0,1.0,1.0,10.0,6.0,5.0,6.0,4.0,9.0,4.0,3.0,1.0,3.0,7.0,8.0,7.0,2.0,6.0,3.0,10.0,2.0,10.0,9.0,9.0,11.0,7.0,,,,,2.0,10.0,9.0,9.0,11.0,7.0,10.0,4.0,11.0,8.0,,,,0.0,0.0,2.0,0.0,0.0,10.0,0.0,0.0,9.0,0.0,0.0,9.0,0.0,0.0,11.0,0.0,0.0,7.0,,,,,,
Naugatuck,Naugatuck Police Dept,CT,,,,,,,,,,,,,,,,,,,,,,,,,,,,,10.0,4.0,,,2.0,10.0,9.0,9.0,11.0,7.0,10.0,4.0,11.0,8.0,,,,,,,,,,,,,,,,,,,,,,0.0,0.0,10.0,0.0,0.0,4.0
New Britain,New Britain Police Dept,CT,37.0,33.0,35.0,26.0,29.0,36.0,52.0,41.0,21.0,18.0,16.0,22.0,20.0,13.0,10.0,17.0,18.0,14.0,8.0,7.0,10.0,10.0,6.0,11.0,6.0,6.0,4.0,5.0,20.0,,,10.0,6.0,11.0,6.0,6.0,4.0,5.0,,55.0,44.0,47.0,0.0,0.0,10.0,0.0,0.0,6.0,0.0,0.0,11.0,0.0,0.0,6.0,0.0,0.0,6.0,0.0,0.0,4.0,0.0,0.0,5.0,,,,,,
New Britain,New Britain Police Dept,CT,,,,,,,,,,,,,,,,,,,,,,,,,,,,,,55.0,,10.0,6.0,11.0,6.0,6.0,4.0,5.0,,55.0,44.0,47.0,,,,,,,,,,,,,,,,,,,,,,,,,0.0,0.0,55.0
New Canaan,New Canaan Police Dept,CT,0.0,,0.0,1.0,0.0,1.0,1.0,1.0,2.0,0.0,0.0,1.0,0.0,0.0,4.0,1.0,1.0,1.0,1.0,0.0,0.0,0.0,0.0,1.0,2.0,0.0,1.0,0.0,,,,1.0,0.0,1.0,2.0,0.0,1.0,0.0,3.0,1.0,0.0,1.0,1.0,inf,,0.0,,0.0,0.0,0.0,1.0,0.0,0.0,2.0,0.0,,0.0,0.0,0.0,1.0,0.0,,0.0,,,,,,
New Canaan,New Canaan Police Dept,CT,,,,,,,,,,,,,,,,,,,,,,,,,,,,,3.0,1.0,,1.0,0.0,1.0,2.0,0.0,1.0,0.0,3.0,1.0,0.0,1.0,,,,,,,,,,,,,,,,,,,,,,0.0,0.0,3.0,0.0,0.0,1.0
New Haven,New Haven Police Dept,CT,135.0,138.0,133.0,135.0,111.0,168.0,118.0,131.0,130.0,102.0,98.0,120.0,93.0,66.0,56.0,63.0,57.0,80.0,,,,85.0,69.0,65.0,61.0,70.0,55.0,55.0,,,,,,,59.0,70.0,55.0,55.0,76.0,80.0,,66.0,,,,,,,,,,-2.0,-0.0327868852459,,0.0,0.0,70.0,0.0,0.0,55.0,0.0,0.0,55.0,,,,,,
New Haven,New Haven Police Dept,CT,,,,,,,,,,,,,,,,,,,,,,,,,,,,,80.0,82.0,,,,,59.0,70.0,55.0,55.0,76.0,80.0,,66.0,,,,,,,,,,,,,,,,,,,,,,-4.0,-0.05,,-2.0,-0.0243902439024,
New London,New London Police Dept,CT,14.0,7.0,12.0,24.0,23.0,17.0,20.0,13.0,11.0,4.0,12.0,5.0,8.0,10.0,13.0,17.0,10.0,15.0,21.0,22.0,27.0,7.0,20.0,15.0,17.0,14.0,18.0,10.0,,,,,,15.0,17.0,14.0,18.0,10.0,23.0,22.0,18.0,11.0,,,,,,,0.0,0.0,15.0,0.0,0.0,17.0,0.0,0.0,14.0,0.0,0.0,18.0,0.0,0.0,10.0,,,,,,
New London,New London Police Dept,CT,,,,,,,,,,,,,,,,,,,,,,,,,,,,,23.0,22.0,,,,15.0,17.0,14.0,18.0,10.0,23.0,22.0,18.0,11.0,,,,,,,,,,,,,,,,,,,,,,0.0,0.0,23.0,0.0,0.0,22.0
New Milford,New Milford Police Dept,CT,6.0,5.0,3.0,2.0,0.0,0.0,1.0,3.0,4.0,3.0,3.0,4.0,1.0,6.0,6.0,5.0,4.0,7.0,8.0,7.0,3.0,4.0,3.0,4.0,3.0,3.0,3.0,9.0,,,,4.0,3.0,4.0,3.0,3.0,3.0,9.0,5.0,2.0,4.0,8.0,0.0,0.0,4.0,0.0,0.0,3.0,0.0,0.0,4.0,0.0,0.0,3.0,0.0,0.0,3.0,0.0,0.0,3.0,0.0,0.0,9.0,,,,,,
New Milford,New Milford Police Dept,CT,,,,,,,,,,,,,,,,,,,,,,,,,,,,,5.0,2.0,,4.0,3.0,4.0,3.0,3.0,3.0,9.0,5.0,2.0,4.0,8.0,,,,,,,,,,,,,,,,,,,,,,0.0,0.0,5.0,0.0,0.0,2.0
Newington,Newington Police Dept,CT,0.0,2.0,1.0,0.0,0.0,0.0,1.0,0.0,4.0,6.0,4.0,3.0,9.0,11.0,12.0,0.0,1.0,4.0,1.0,6.0,9.0,11.0,6.0,5.0,8.0,5.0,3.0,8.0,6.0,,,11.0,6.0,5.0,8.0,5.0,3.0,8.0,,5.0,12.0,5.0,0.0,0.0,11.0,0.0,0.0,6.0,0.0,0.0,5.0,0.0,0.0,8.0,0.0,0.0,5.0,0.0,0.0,3.0,0.0,0.0,8.0,,,,,,
Newington,Newington Police Dept,CT,,,,,,,,,,,,,,,,,,,,,,,,,,,,,,5.0,,11.0,6.0,5.0,8.0,5.0,3.0,8.0,,5.0,12.0,5.0,,,,,,,,,,,,,,,,,,,,,,,,,0.0,0.0,5.0
Newtown,Newtown Police Dept,CT,5.0,0.0,1.0,0.0,1.0,0.0,0.0,0.0,0.0,1.0,0.0,1.0,2.0,3.0,3.0,0.0,4.0,1.0,4.0,0.0,1.0,2.0,4.0,1.0,1.0,3.0,6.0,5.0,,,,,4.0,1.0,1.0,3.0,6.0,5.0,2.0,5.0,5.0,0.0,,,,0.0,0.0,4.0,0.0,0.0,1.0,0.0,0.0,1.0,0.0,0.0,3.0,0.0,0.0,6.0,0.0,0.0,5.0,,,,,,
Newtown,Newtown Police Dept,CT,,,,,,,,,,,,,,,,,,,,,,,,,,,,,3.0,6.0,,,4.0,1.0,1.0,3.0,6.0,5.0,2.0,5.0,5.0,0.0,,,,,,,,,,,,,,,,,,,,,,-1.0,-0.333333333333,,-1.0,-0.166666666667,
North Branford,North Branford Police Dept,CT,0.0,0.0,0.0,0.0,0.0,0.0,1.0,0.0,1.0,0.0,1.0,0.0,0.0,0.0,0.0,0.0,0.0,0.0,1.0,0.0,0.0,1.0,0.0,3.0,0.0,1.0,0.0,1.0,,,,1.0,0.0,3.0,0.0,1.0,0.0,1.0,2.0,2.0,3.0,1.0,0.0,0.0,1.0,0.0,,0.0,0.0,0.0,3.0,0.0,,0.0,0.0,0.0,1.0,0.0,,0.0,0.0,0.0,1.0,,,,,,
North Branford,North Branford Police Dept,CT,,,,,,,,,,,,,,,,,,,,,,,,,,,,,2.0,2.0,,1.0,0.0,3.0,0.0,1.0,0.0,1.0,2.0,2.0,3.0,1.0,,,,,,,,,,,,,,,,,,,,,,0.0,0.0,2.0,0.0,0.0,2.0
North Haven,North Haven Police Dept,CT,0.0,0.0,1.0,1.0,0.0,2.0,1.0,2.0,1.0,1.0,0.0,1.0,0.0,2.0,3.0,0.0,3.0,1.0,0.0,0.0,0.0,1.0,1.0,0.0,0.0,0.0,0.0,0.0,,,,,1.0,0.0,0.0,0.0,0.0,0.0,4.0,3.0,0.0,2.0,,,,0.0,0.0,1.0,0.0,,0.0,0.0,,0.0,0.0,,0.0,0.0,,0.0,0.0,,0.0,,,,,,
North Haven,North Haven Police Dept,CT,,,,,,,,,,,,,,,,,,,,,,,,,,,,,4.0,3.0,,,1.0,0.0,0.0,0.0,0.0,0.0,4.0,3.0,0.0,2.0,,,,,,,,,,,,,,,,,,,,,,0.0,0.0,4.0,0.0,0.0,3.0
Norwalk,Norwalk Police Dept,CT,7.0,7.0,10.0,23.0,20.0,11.0,18.0,12.0,10.0,10.0,7.0,14.0,9.0,9.0,13.0,6.0,10.0,12.0,13.0,14.0,9.0,5.0,13.0,12.0,11.0,12.0,15.0,9.0,,,,,13.0,12.0,10.0,12.0,15.0,9.0,14.0,9.0,20.0,18.0,,,,0.0,0.0,13.0,0.0,0.0,12.0,-1.0,-0.0909090909091,,0.0,0.0,12.0,0.0,0.0,15.0,0.0,0.0,9.0,,,,,,
Norwalk,Norwalk Police Dept,CT,,,,,,,,,,,,,,,,,,,,,,,,,,,,,13.0,10.0,,,13.0,12.0,10.0,12.0,15.0,9.0,14.0,9.0,20.0,18.0,,,,,,,,,,,,,,,,,,,,,,1.0,0.0769230769231,,-1.0,-0.1,
Norwich,Norwich Police Dept,CT,10.0,7.0,13.0,10.0,28.0,2.0,27.0,28.0,37.0,44.0,28.0,25.0,50.0,20.0,7.0,23.0,19.0,23.0,,28.0,27.0,23.0,20.0,28.0,25.0,21.0,25.0,18.0,14.0,,,23.0,20.0,28.0,25.0,21.0,25.0,18.0,,16.0,11.0,15.0,0.0,0.0,23.0,0.0,0.0,20.0,0.0,0.0,28.0,0.0,0.0,25.0,0.0,0.0,21.0,0.0,0.0,25.0,0.0,0.0,18.0,,,,,,
Norwich,Norwich Police Dept,CT,,,,,,,,,,,,,,,,,,,,,,,,,,,,,,16.0,,23.0,20.0,28.0,25.0,21.0,25.0,18.0,,16.0,11.0,15.0,,,,,,,,,,,,,,,,,,,,,,,,,0.0,0.0,16.0
"Notes: When data are unavailable, the cells are blank or the year is not presented.","Notes: When data are unavailable, the cells are blank or the year is not presented.",,,,,,,,,,,,,,,,,,,,,,,,,,,,,,,,,,,,,,,,,,,,,,,,,,,,,,,,,,,,,,,,,,,,,,
Old Saybrook,Old Saybrook Police Dept,CT,0.0,1.0,,0.0,2.0,0.0,0.0,2.0,1.0,3.0,0.0,0.0,0.0,0.0,0.0,0.0,1.0,1.0,0.0,1.0,0.0,0.0,0.0,0.0,0.0,0.0,2.0,0.0,,,,0.0,0.0,0.0,0.0,,2.0,0.0,2.0,0.0,0.0,0.0,0.0,,0.0,0.0,,0.0,0.0,,0.0,0.0,,0.0,,,,0.0,0.0,2.0,0.0,,0.0,,,,,,
Old Saybrook,Old Saybrook Police Dept,CT,,,,,,,,,,,,,,,,,,,,,,,,,,,,,2.0,0.0,,0.0,0.0,0.0,0.0,,2.0,0.0,2.0,0.0,0.0,0.0,,,,,,,,,,,,,,,,,,,,,,0.0,0.0,2.0,0.0,,0.0
Orange,Orange Police Dept,CT,0.0,3.0,0.0,8.0,2.0,1.0,4.0,1.0,0.0,1.0,1.0,0.0,1.0,3.0,2.0,0.0,1.0,0.0,0.0,1.0,2.0,1.0,0.0,0.0,0.0,0.0,1.0,2.0,,,,1.0,0.0,0.0,0.0,,1.0,2.0,0.0,1.0,1.0,2.0,0.0,0.0,1.0,0.0,,0.0,0.0,,0.0,0.0,,0.0,,,,0.0,0.0,1.0,0.0,0.0,2.0,,,,,,
Orange,Orange Police Dept,CT,,,,,,,,,,,,,,,,,,,,,,,,,,,,,0.0,1.0,,1.0,0.0,0.0,0.0,,1.0,2.0,0.0,1.0,1.0,2.0,,,,,,,,,,,,,,,,,,,,,,0.0,,0.0,0.0,0.0,1.0
Plainfield,Plainfield Police Dept,CT,0.0,0.0,0.0,2.0,1.0,1.0,1.0,0.0,1.0,0.0,0.0,1.0,2.0,2.0,2.0,5.0,7.0,1.0,3.0,0.0,5.0,4.0,4.0,1.0,0.0,3.0,2.0,3.0,,,,2.0,4.0,1.0,0.0,2.0,2.0,3.0,2.0,1.0,10.0,7.0,-2.0,-0.5,,0.0,0.0,4.0,0.0,0.0,1.0,0.0,,0.0,-1.0,-0.333333333333,,0.0,0.0,2.0,0.0,0.0,3.0,,,,,,
Plainfield,Plainfield Police Dept,CT,,,,,,,,,,,,,,,,,,,,,,,,,,,,,2.0,1.0,,2.0,4.0,1.0,0.0,2.0,2.0,3.0,2.0,1.0,10.0,7.0,,,,,,,,,,,,,,,,,,,,,,0.0,0.0,2.0,0.0,0.0,1.0
Plainville,Plainville Police Dept,CT,3.0,1.0,1.0,2.0,1.0,3.0,0.0,1.0,2.0,4.0,4.0,0.0,3.0,4.0,0.0,0.0,4.0,0.0,3.0,4.0,3.0,0.0,0.0,0.0,2.0,0.0,2.0,0.0,8.0,,,0.0,0.0,0.0,2.0,0.0,2.0,0.0,,8.0,2.0,3.0,0.0,,0.0,0.0,,0.0,0.0,,0.0,0.0,0.0,2.0,0.0,,0.0,0.0,0.0,2.0,0.0,,0.0,,,,,,
Plainville,Plainville Police Dept,CT,,,,,,,,,,,,,,,,,,,,,,,,,,,,,,8.0,,0.0,0.0,0.0,2.0,0.0,2.0,0.0,,8.0,2.0,3.0,,,,,,,,,,,,,,,,,,,,,,,,,0.0,0.0,8.0
Plymouth,Plymouth Police Dept,CT,2.0,3.0,8.0,1.0,4.0,2.0,3.0,9.0,5.0,2.0,2.0,1.0,0.0,2.0,1.0,1.0,1.0,0.0,1.0,0.0,1.0,2.0,0.0,2.0,0.0,2.0,0.0,4.0,,,,2.0,,2.0,0.0,1.0,0.0,4.0,3.0,1.0,1.0,2.0,0.0,0.0,2.0,,,,0.0,0.0,2.0,0.0,,0.0,-1.0,-0.5,,0.0,,0.0,0.0,0.0,4.0,,,,,,
Plymouth,Plymouth Police Dept,CT,,,,,,,,,,,,,,,,,,,,,,,,,,,,,3.0,1.0,,2.0,,2.0,0.0,1.0,0.0,4.0,3.0,1.0,1.0,2.0,,,,,,,,,,,,,,,,,,,,,,0.0,0.0,3.0,0.0,0.0,1.0
Revised rape /2,Revised rape /2,,,,,,,,,,,,,,,,,,,,,,,,,,,,,,,,,,,,,,,,,,,,,,,,,,,,,,,,,,,,,,,,,,,,,,
Ridgefield,Ridgefield Police Dept,CT,3.0,0.0,0.0,0.0,0.0,0.0,1.0,0.0,0.0,0.0,0.0,0.0,2.0,0.0,0.0,0.0,1.0,0.0,0.0,0.0,0.0,1.0,0.0,0.0,0.0,0.0,0.0,0.0,,,,1.0,0.0,0.0,0.0,0.0,0.0,0.0,0.0,0.0,0.0,0.0,0.0,0.0,1.0,0.0,,0.0,0.0,,0.0,0.0,,0.0,0.0,,0.0,0.0,,0.0,0.0,,0.0,,,,,,
Ridgefield,Ridgefield Police Dept,CT,,,,,,,,,,,,,,,,,,,,,,,,,,,,,0.0,0.0,,1.0,0.0,0.0,0.0,0.0,0.0,0.0,0.0,0.0,0.0,0.0,,,,,,,,,,,,,,,,,,,,,,0.0,,0.0,0.0,,0.0
Rocky Hill,Rocky Hill Police Dept,CT,2.0,2.0,3.0,1.0,4.0,3.0,1.0,1.0,1.0,0.0,0.0,2.0,0.0,0.0,0.0,0.0,0.0,7.0,2.0,2.0,,0.0,0.0,4.0,1.0,4.0,1.0,2.0,1.0,,,,0.0,4.0,1.0,4.0,1.0,2.0,,0.0,0.0,4.0,,,,0.0,,0.0,0.0,0.0,4.0,0.0,0.0,1.0,0.0,0.0,4.0,0.0,0.0,1.0,0.0,0.0,2.0,,,,,,
Rocky Hill,Rocky Hill Police Dept,CT,,,,,,,,,,,,,,,,,,,,,,,,,,,,,,0.0,,,0.0,4.0,1.0,4.0,1.0,2.0,,0.0,0.0,4.0,,,,,,,,,,,,,,,,,,,,,,,,,0.0,,0.0
Seymour,Seymour Police Dept,CT,1.0,1.0,2.0,0.0,0.0,2.0,2.0,2.0,4.0,1.0,2.0,2.0,5.0,2.0,2.0,5.0,1.0,1.0,1.0,0.0,0.0,5.0,8.0,13.0,7.0,3.0,2.0,2.0,,,,5.0,8.0,13.0,7.0,3.0,2.0,2.0,4.0,4.0,1.0,2.0,0.0,0.0,5.0,0.0,0.0,8.0,0.0,0.0,13.0,0.0,0.0,7.0,0.0,0.0,3.0,0.0,0.0,2.0,0.0,0.0,2.0,,,,,,
Seymour,Seymour Police Dept,CT,,,,,,,,,,,,,,,,,,,,,,,,,,,,,4.0,4.0,,5.0,8.0,13.0,7.0,3.0,2.0,2.0,4.0,4.0,1.0,2.0,,,,,,,,,,,,,,,,,,,,,,0.0,0.0,4.0,0.0,0.0,4.0
Shelton,Shelton Police Dept,CT,1.0,0.0,1.0,3.0,5.0,2.0,6.0,1.0,1.0,1.0,0.0,2.0,2.0,1.0,2.0,1.0,5.0,5.0,6.0,4.0,3.0,2.0,4.0,3.0,2.0,5.0,2.0,7.0,,,,2.0,4.0,3.0,2.0,5.0,2.0,7.0,3.0,3.0,8.0,4.0,0.0,0.0,2.0,0.0,0.0,4.0,0.0,0.0,3.0,0.0,0.0,2.0,0.0,0.0,5.0,0.0,0.0,2.0,0.0,0.0,7.0,,,,,,
Shelton,Shelton Police Dept,CT,,,,,,,,,,,,,,,,,,,,,,,,,,,,,3.0,3.0,,2.0,4.0,3.0,2.0,5.0,2.0,7.0,3.0,3.0,8.0,4.0,,,,,,,,,,,,,,,,,,,,,,0.0,0.0,3.0,0.0,0.0,3.0
Simsbury,Simsbury Police Dept,CT,2.0,0.0,1.0,0.0,0.0,6.0,1.0,0.0,0.0,0.0,0.0,0.0,1.0,0.0,1.0,1.0,1.0,2.0,0.0,0.0,0.0,0.0,0.0,2.0,0.0,1.0,1.0,0.0,,,,0.0,0.0,2.0,0.0,1.0,1.0,0.0,2.0,1.0,1.0,2.0,0.0,,0.0,0.0,,0.0,0.0,0.0,2.0,0.0,,0.0,0.0,0.0,1.0,0.0,0.0,1.0,0.0,,0.0,,,,,,
Simsbury,Simsbury Police Dept,CT,,,,,,,,,,,,,,,,,,,,,,,,,,,,,2.0,1.0,,0.0,0.0,2.0,0.0,1.0,1.0,0.0,2.0,1.0,1.0,2.0,,,,,,,,,,,,,,,,,,,,,,0.0,0.0,2.0,0.0,0.0,1.0
"Sources: FBI, Uniform Crime Reports, prepared by the National Archive of Criminal Justice Data ","Sources: FBI, Uniform Crime Reports, prepared by the National Archive of Criminal Justice Data ",,,,,,,,,,,,,,,,,,,,,,,,,,,,,,,,,,,,,,,,,,,,,,,,,,,,,,,,,,,,,,,,,,,,,,
South Windsor,South Windsor Police Dept,CT,1.0,1.0,,1.0,1.0,1.0,1.0,2.0,5.0,6.0,0.0,5.0,2.0,3.0,3.0,4.0,3.0,8.0,1.0,3.0,4.0,4.0,5.0,3.0,3.0,1.0,7.0,3.0,4.0,,,4.0,5.0,3.0,3.0,1.0,7.0,3.0,,5.0,4.0,2.0,0.0,0.0,4.0,0.0,0.0,5.0,0.0,0.0,3.0,0.0,0.0,3.0,0.0,0.0,1.0,0.0,0.0,7.0,0.0,0.0,3.0,,,,,,
South Windsor,South Windsor Police Dept,CT,,,,,,,,,,,,,,,,,,,,,,,,,,,,,,5.0,,4.0,5.0,3.0,3.0,1.0,7.0,3.0,,5.0,4.0,2.0,,,,,,,,,,,,,,,,,,,,,,,,,0.0,0.0,5.0
Southington,Southington Police Dept,CT,4.0,13.0,3.0,6.0,4.0,10.0,,5.0,3.0,4.0,10.0,9.0,4.0,4.0,5.0,4.0,2.0,3.0,3.0,2.0,,6.0,15.0,7.0,4.0,5.0,9.0,5.0,,,,,15.0,7.0,4.0,5.0,9.0,5.0,12.0,12.0,7.0,15.0,,,,0.0,0.0,15.0,0.0,0.0,7.0,0.0,0.0,4.0,0.0,0.0,5.0,0.0,0.0,9.0,0.0,0.0,5.0,,,,,,
Southington,Southington Police Dept,CT,,,,,,,,,,,,,,,,,,,,,,,,,,,,,13.0,12.0,,,15.0,7.0,4.0,5.0,9.0,5.0,12.0,12.0,7.0,15.0,,,,,,,,,,,,,,,,,,,,,,-1.0,-0.0769230769231,,0.0,0.0,12.0
Stamford,Stamford Police Dept,CT,16.0,17.0,29.0,13.0,19.0,17.0,25.0,22.0,22.0,15.0,14.0,18.0,18.0,32.0,35.0,9.0,13.0,14.0,11.0,12.0,18.0,28.0,34.0,27.0,31.0,19.0,32.0,25.0,,,,,33.0,27.0,31.0,19.0,32.0,25.0,28.0,21.0,19.0,29.0,,,,-1.0,-0.0294117647059,,0.0,0.0,27.0,0.0,0.0,31.0,0.0,0.0,19.0,0.0,0.0,32.0,0.0,0.0,25.0,,,,,,
Stamford,Stamford Police Dept,CT,,,,,,,,,,,,,,,,,,,,,,,,,,,,,30.0,23.0,,,33.0,27.0,31.0,19.0,32.0,25.0,28.0,21.0,19.0,29.0,,,,,,,,,,,,,,,,,,,,,,-2.0,-0.0666666666667,,-2.0,-0.0869565217391,
Stonington,Stonington Police Dept,CT,4.0,0.0,0.0,0.0,1.0,0.0,0.0,1.0,0.0,5.0,1.0,1.0,2.0,2.0,1.0,4.0,0.0,1.0,2.0,0.0,0.0,0.0,0.0,0.0,4.0,1.0,5.0,3.0,,,,0.0,0.0,0.0,4.0,1.0,5.0,3.0,4.0,1.0,1.0,2.0,0.0,,0.0,0.0,,0.0,0.0,,0.0,0.0,0.0,4.0,0.0,0.0,1.0,0.0,0.0,5.0,0.0,0.0,3.0,,,,,,
Stonington,Stonington Police Dept,CT,,,,,,,,,,,,,,,,,,,,,,,,,,,,,4.0,1.0,,0.0,0.0,0.0,4.0,1.0,5.0,3.0,4.0,1.0,1.0,2.0,,,,,,,,,,,,,,,,,,,,,,0.0,0.0,4.0,0.0,0.0,1.0
Stratford,Stratford Police Dept,CT,0.0,4.0,4.0,11.0,18.0,5.0,8.0,2.0,2.0,10.0,3.0,11.0,13.0,5.0,12.0,12.0,10.0,11.0,8.0,8.0,12.0,5.0,3.0,4.0,11.0,15.0,9.0,15.0,,,,5.0,3.0,4.0,11.0,15.0,9.0,15.0,8.0,7.0,12.0,6.0,0.0,0.0,5.0,0.0,0.0,3.0,0.0,0.0,4.0,0.0,0.0,11.0,0.0,0.0,15.0,0.0,0.0,9.0,0.0,0.0,15.0,,,,,,
Stratford,Stratford Police Dept,CT,,,,,,,,,,,,,,,,,,,,,,,,,,,,,8.0,8.0,,5.0,3.0,4.0,11.0,15.0,9.0,15.0,8.0,7.0,12.0,6.0,,,,,,,,,,,,,,,,,,,,,,0.0,0.0,8.0,-1.0,-0.125,
Suffield,Suffield Police Dept,CT,0.0,0.0,0.0,1.0,2.0,3.0,1.0,1.0,0.0,0.0,1.0,1.0,2.0,0.0,2.0,0.0,1.0,0.0,0.0,1.0,0.0,1.0,0.0,1.0,1.0,0.0,0.0,1.0,,,,,0.0,1.0,1.0,0.0,0.0,1.0,4.0,0.0,0.0,2.0,,,,0.0,,0.0,0.0,0.0,1.0,0.0,0.0,1.0,0.0,,0.0,0.0,,0.0,0.0,0.0,1.0,,,,,,
Suffield,Suffield Police Dept,CT,,,,,,,,,,,,,,,,,,,,,,,,,,,,,4.0,0.0,,,0.0,1.0,1.0,0.0,0.0,1.0,4.0,0.0,0.0,2.0,,,,,,,,,,,,,,,,,,,,,,0.0,0.0,4.0,0.0,,0.0
Torrington,Torrington Police Dept,CT,11.0,15.0,20.0,16.0,20.0,15.0,9.0,12.0,8.0,6.0,1.0,1.0,1.0,1.0,0.0,3.0,5.0,6.0,5.0,1.0,3.0,9.0,11.0,11.0,14.0,20.0,17.0,18.0,,,,,10.0,11.0,14.0,20.0,17.0,18.0,15.0,4.0,11.0,5.0,,,,-1.0,-0.0909090909091,,0.0,0.0,11.0,0.0,0.0,14.0,0.0,0.0,20.0,0.0,0.0,17.0,0.0,0.0,18.0,,,,,,
Torrington,Torrington Police Dept,CT,,,,,,,,,,,,,,,,,,,,,,,,,,,,,15.0,4.0,,,10.0,11.0,14.0,20.0,17.0,18.0,15.0,4.0,11.0,5.0,,,,,,,,,,,,,,,,,,,,,,0.0,0.0,15.0,0.0,0.0,4.0
Trumbull,Trumbull Police Dept,CT,0.0,0.0,,2.0,0.0,2.0,0.0,1.0,2.0,0.0,0.0,0.0,2.0,0.0,0.0,0.0,1.0,1.0,3.0,2.0,2.0,3.0,3.0,0.0,5.0,3.0,0.0,0.0,,,,3.0,3.0,0.0,5.0,3.0,0.0,0.0,0.0,6.0,6.0,11.0,0.0,0.0,3.0,0.0,0.0,3.0,0.0,,0.0,0.0,0.0,5.0,0.0,0.0,3.0,0.0,,0.0,0.0,,0.0,,,,,,
Trumbull,Trumbull Police Dept,CT,,,,,,,,,,,,,,,,,,,,,,,,,,,,,0.0,6.0,,3.0,3.0,0.0,5.0,3.0,0.0,0.0,0.0,6.0,6.0,11.0,,,,,,,,,,,,,,,,,,,,,,0.0,,0.0,0.0,0.0,6.0
Vernon,Vernon Police Dept,CT,1.0,1.0,4.0,5.0,8.0,3.0,4.0,2.0,1.0,2.0,3.0,1.0,4.0,1.0,1.0,1.0,1.0,0.0,3.0,7.0,12.0,5.0,4.0,5.0,5.0,5.0,7.0,5.0,,,,,4.0,5.0,5.0,5.0,7.0,5.0,8.0,10.0,3.0,1.0,,,,0.0,0.0,4.0,0.0,0.0,5.0,0.0,0.0,5.0,0.0,0.0,5.0,0.0,0.0,7.0,0.0,0.0,5.0,,,,,,
Vernon,Vernon Police Dept,CT,,,,,,,,,,,,,,,,,,,,,,,,,,,,,8.0,10.0,,,4.0,5.0,5.0,5.0,7.0,5.0,8.0,10.0,3.0,1.0,,,,,,,,,,,,,,,,,,,,,,0.0,0.0,8.0,0.0,0.0,10.0
Wallingford,Wallingford Police Dept,CT,6.0,0.0,6.0,8.0,6.0,2.0,5.0,10.0,5.0,2.0,0.0,0.0,2.0,2.0,6.0,2.0,1.0,5.0,5.0,5.0,12.0,7.0,14.0,6.0,7.0,4.0,2.0,2.0,,,,7.0,12.0,6.0,7.0,4.0,2.0,2.0,5.0,1.0,5.0,2.0,0.0,0.0,7.0,-2.0,-0.142857142857,,0.0,0.0,6.0,0.0,0.0,7.0,0.0,0.0,4.0,0.0,0.0,2.0,0.0,0.0,2.0,,,,,,
Wallingford,Wallingford Police Dept,CT,,,,,,,,,,,,,,,,,,,,,,,,,,,,,5.0,1.0,,7.0,12.0,6.0,7.0,4.0,2.0,2.0,5.0,1.0,5.0,2.0,,,,,,,,,,,,,,,,,,,,,,0.0,0.0,5.0,0.0,0.0,1.0
Waterbury,Waterbury Police Dept,CT,35.0,22.0,37.0,28.0,31.0,32.0,32.0,61.0,39.0,38.0,32.0,39.0,34.0,59.0,45.0,64.0,38.0,48.0,50.0,49.0,32.0,39.0,18.0,19.0,15.0,6.0,9.0,7.0,2.0,,,39.0,18.0,19.0,15.0,6.0,9.0,7.0,,34.0,32.0,29.0,0.0,0.0,39.0,0.0,0.0,18.0,0.0,0.0,19.0,0.0,0.0,15.0,0.0,0.0,6.0,0.0,0.0,9.0,0.0,0.0,7.0,,,,,,
Waterbury,Waterbury Police Dept,CT,,,,,,,,,,,,,,,,,,,,,,,,,,,,,,34.0,,39.0,18.0,19.0,15.0,6.0,9.0,7.0,,34.0,32.0,29.0,,,,,,,,,,,,,,,,,,,,,,,,,0.0,0.0,34.0
Waterford,Waterford Police Dept,CT,0.0,0.0,1.0,3.0,6.0,1.0,3.0,9.0,4.0,4.0,6.0,4.0,3.0,1.0,3.0,4.0,2.0,5.0,3.0,9.0,4.0,3.0,5.0,4.0,3.0,4.0,1.0,0.0,,,,3.0,4.0,4.0,3.0,4.0,1.0,0.0,0.0,9.0,8.0,9.0,0.0,0.0,3.0,-1.0,-0.2,,0.0,0.0,4.0,0.0,0.0,3.0,0.0,0.0,4.0,0.0,0.0,1.0,0.0,,0.0,,,,,,
Waterford,Waterford Police Dept,CT,,,,,,,,,,,,,,,,,,,,,,,,,,,,,0.0,10.0,,3.0,4.0,4.0,3.0,4.0,1.0,0.0,0.0,9.0,8.0,9.0,,,,,,,,,,,,,,,,,,,,,,0.0,,0.0,-1.0,-0.1,
Watertown,Watertown Police Dept,CT,3.0,4.0,2.0,4.0,2.0,2.0,7.0,1.0,0.0,2.0,1.0,1.0,1.0,1.0,3.0,1.0,0.0,0.0,0.0,0.0,0.0,1.0,0.0,4.0,6.0,3.0,3.0,4.0,,,,1.0,0.0,4.0,6.0,3.0,3.0,4.0,4.0,4.0,3.0,1.0,0.0,0.0,1.0,0.0,,0.0,0.0,0.0,4.0,0.0,0.0,6.0,0.0,0.0,3.0,0.0,0.0,3.0,0.0,0.0,4.0,,,,,,
Watertown,Watertown Police Dept,CT,,,,,,,,,,,,,,,,,,,,,,,,,,,,,4.0,4.0,,1.0,0.0,4.0,6.0,3.0,3.0,4.0,4.0,4.0,3.0,1.0,,,,,,,,,,,,,,,,,,,,,,0.0,0.0,4.0,0.0,0.0,4.0
West Hartford,West Hartford Police Dept,CT,5.0,2.0,3.0,7.0,8.0,4.0,8.0,5.0,1.0,5.0,6.0,5.0,7.0,4.0,6.0,1.0,3.0,3.0,4.0,4.0,0.0,1.0,2.0,4.0,6.0,2.0,4.0,2.0,,,,1.0,2.0,4.0,6.0,2.0,4.0,2.0,2.0,1.0,2.0,2.0,0.0,0.0,1.0,0.0,0.0,2.0,0.0,0.0,4.0,0.0,0.0,6.0,0.0,0.0,2.0,0.0,0.0,4.0,0.0,0.0,2.0,,,,,,
West Hartford,West Hartford Police Dept,CT,,,,,,,,,,,,,,,,,,,,,,,,,,,,,2.0,1.0,,1.0,2.0,4.0,6.0,2.0,4.0,2.0,2.0,1.0,2.0,2.0,,,,,,,,,,,,,,,,,,,,,,0.0,0.0,2.0,0.0,0.0,1.0
West Haven,West Haven Police Dept,CT,9.0,8.0,16.0,13.0,6.0,17.0,11.0,11.0,5.0,5.0,3.0,10.0,10.0,7.0,2.0,11.0,17.0,18.0,13.0,13.0,4.0,1.0,1.0,0.0,0.0,1.0,0.0,1.0,0.0,,,1.0,1.0,0.0,0.0,1.0,0.0,1.0,,0.0,7.0,15.0,0.0,0.0,1.0,0.0,0.0,1.0,0.0,,0.0,0.0,,0.0,0.0,0.0,1.0,0.0,,0.0,0.0,0.0,1.0,,,,,,
West Haven,West Haven Police Dept,CT,,,,,,,,,,,,,,,,,,,,,,,,,,,,,,0.0,,1.0,1.0,0.0,0.0,1.0,0.0,1.0,,0.0,7.0,15.0,,,,,,,,,,,,,,,,,,,,,,,,,0.0,,0.0
Weston,Weston Police Dept,CT,0.0,0.0,0.0,0.0,0.0,0.0,0.0,1.0,0.0,0.0,0.0,0.0,0.0,0.0,0.0,0.0,0.0,0.0,0.0,0.0,0.0,0.0,0.0,0.0,0.0,1.0,0.0,0.0,,,,0.0,0.0,0.0,0.0,1.0,0.0,0.0,1.0,0.0,0.0,0.0,0.0,,0.0,0.0,,0.0,0.0,,0.0,0.0,,0.0,0.0,0.0,1.0,0.0,,0.0,0.0,,0.0,,,,,,
Weston,Weston Police Dept,CT,,,,,,,,,,,,,,,,,,,,,,,,,,,,,1.0,0.0,,0.0,0.0,0.0,0.0,1.0,0.0,0.0,1.0,0.0,0.0,0.0,,,,,,,,,,,,,,,,,,,,,,0.0,0.0,1.0,0.0,,0.0
Westport,Westport Police Dept,CT,0.0,1.0,1.0,0.0,2.0,1.0,0.0,1.0,0.0,3.0,2.0,3.0,1.0,2.0,0.0,1.0,0.0,1.0,0.0,1.0,2.0,1.0,0.0,2.0,1.0,2.0,3.0,0.0,,,,1.0,0.0,2.0,1.0,2.0,3.0,0.0,0.0,0.0,0.0,1.0,0.0,0.0,1.0,0.0,,0.0,0.0,0.0,2.0,0.0,0.0,1.0,0.0,0.0,2.0,0.0,0.0,3.0,0.0,,0.0,,,,,,
Westport,Westport Police Dept,CT,,,,,,,,,,,,,,,,,,,,,,,,,,,,,0.0,0.0,,1.0,0.0,2.0,1.0,2.0,3.0,0.0,0.0,0.0,0.0,1.0,,,,,,,,,,,,,,,,,,,,,,0.0,,0.0,0.0,,0.0
Wethersfield,Wethersfield Police Dept,CT,4.0,2.0,4.0,3.0,2.0,2.0,4.0,6.0,3.0,3.0,6.0,2.0,4.0,0.0,8.0,7.0,6.0,1.0,4.0,9.0,3.0,5.0,3.0,4.0,5.0,1.0,9.0,1.0,,,,5.0,3.0,4.0,5.0,1.0,9.0,1.0,3.0,3.0,3.0,,0.0,0.0,5.0,0.0,0.0,3.0,0.0,0.0,4.0,0.0,0.0,5.0,0.0,0.0,1.0,0.0,0.0,9.0,0.0,0.0,1.0,,,,,,
Wethersfield,Wethersfield Police Dept,CT,,,,,,,,,,,,,,,,,,,,,,,,,,,,,3.0,3.0,,5.0,3.0,4.0,5.0,1.0,9.0,1.0,3.0,3.0,3.0,,,,,,,,,,,,,,,,,,,,,,,0.0,0.0,3.0,0.0,0.0,3.0
Willimantic,Willimantic Police Dept,CT,6.0,6.0,8.0,2.0,4.0,1.0,0.0,0.0,10.0,6.0,3.0,2.0,2.0,0.0,0.0,0.0,0.0,1.0,10.0,6.0,6.0,4.0,9.0,6.0,7.0,9.0,1.0,1.0,,,,,8.0,6.0,6.0,9.0,1.0,1.0,5.0,4.0,0.0,5.0,,,,-1.0,-0.111111111111,,0.0,0.0,6.0,-1.0,-0.142857142857,,0.0,0.0,9.0,0.0,0.0,1.0,0.0,0.0,1.0,,,,,,
Willimantic,Willimantic Police Dept,CT,,,,,,,,,,,,,,,,,,,,,,,,,,,,,5.0,4.0,,,8.0,6.0,6.0,9.0,1.0,1.0,5.0,4.0,0.0,5.0,,,,,,,,,,,,,,,,,,,,,,0.0,0.0,5.0,0.0,0.0,4.0
Wilton,Wilton Police Dept,CT,0.0,0.0,0.0,0.0,0.0,0.0,0.0,0.0,0.0,0.0,1.0,1.0,0.0,0.0,0.0,1.0,0.0,0.0,0.0,1.0,0.0,0.0,0.0,0.0,0.0,0.0,0.0,0.0,,,,0.0,0.0,0.0,0.0,0.0,0.0,0.0,0.0,0.0,0.0,1.0,0.0,,0.0,0.0,,0.0,0.0,,0.0,0.0,,0.0,0.0,,0.0,0.0,,0.0,0.0,,0.0,,,,,,
Wilton,Wilton Police Dept,CT,,,,,,,,,,,,,,,,,,,,,,,,,,,,,0.0,0.0,,0.0,0.0,0.0,0.0,0.0,0.0,0.0,0.0,0.0,0.0,1.0,,,,,,,,,,,,,,,,,,,,,,0.0,,0.0,0.0,,0.0
Winchester,Winchester Town Police Dept,CT,0.0,1.0,0.0,5.0,0.0,0.0,0.0,0.0,0.0,0.0,0.0,2.0,0.0,2.0,1.0,1.0,1.0,1.0,2.0,2.0,2.0,7.0,3.0,3.0,4.0,3.0,4.0,2.0,,,,6.0,3.0,3.0,4.0,3.0,4.0,2.0,3.0,0.0,3.0,2.0,-1.0,-0.142857142857,,0.0,0.0,3.0,0.0,0.0,3.0,0.0,0.0,4.0,0.0,0.0,3.0,0.0,0.0,4.0,0.0,0.0,2.0,,,,,,
Winchester,Winchester Town Police Dept,CT,,,,,,,,,,,,,,,,,,,,,,,,,,,,,3.0,0.0,,6.0,3.0,3.0,4.0,3.0,4.0,2.0,3.0,0.0,3.0,2.0,,,,,,,,,,,,,,,,,,,,,,0.0,0.0,3.0,0.0,,0.0
Windsor,Windsor Police Dept,CT,8.0,21.0,12.0,6.0,12.0,12.0,7.0,7.0,2.0,4.0,12.0,3.0,6.0,4.0,3.0,8.0,4.0,1.0,5.0,5.0,7.0,2.0,3.0,5.0,7.0,3.0,9.0,4.0,,,,2.0,3.0,6.0,7.0,3.0,9.0,4.0,3.0,2.0,2.0,7.0,0.0,0.0,2.0,0.0,0.0,3.0,1.0,0.2,,0.0,0.0,7.0,0.0,0.0,3.0,0.0,0.0,9.0,0.0,0.0,4.0,,,,,,
Windsor,Windsor Police Dept,CT,,,,,,,,,,,,,,,,,,,,,,,,,,,,,3.0,3.0,,2.0,3.0,6.0,7.0,3.0,9.0,4.0,3.0,2.0,2.0,7.0,,,,,,,,,,,,,,,,,,,,,,0.0,0.0,3.0,-1.0,-0.333333333333,
Windsor Locks,Windsor Locks Police Dept,CT,1.0,2.0,4.0,3.0,0.0,1.0,2.0,3.0,0.0,0.0,0.0,0.0,0.0,1.0,2.0,2.0,9.0,1.0,3.0,,1.0,2.0,5.0,5.0,4.0,8.0,0.0,2.0,,,,2.0,5.0,5.0,4.0,,0.0,2.0,7.0,4.0,1.0,5.0,0.0,0.0,2.0,0.0,0.0,5.0,0.0,0.0,5.0,0.0,0.0,4.0,,,,0.0,,0.0,0.0,0.0,2.0,,,,,,
Windsor Locks,Windsor Locks Police Dept,CT,,,,,,,,,,,,,,,,,,,,,,,,,,,,,8.0,4.0,,2.0,5.0,5.0,4.0,,0.0,2.0,7.0,4.0,1.0,5.0,,,,,,,,,,,,,,,,,,,,,,-1.0,-0.125,,0.0,0.0,4.0
Wolcott,Wolcott Police Dept,CT,1.0,0.0,0.0,0.0,0.0,0.0,5.0,8.0,11.0,7.0,4.0,0.0,1.0,4.0,0.0,1.0,2.0,3.0,0.0,3.0,1.0,2.0,2.0,0.0,0.0,1.0,2.0,1.0,,,,2.0,2.0,0.0,0.0,1.0,2.0,1.0,2.0,0.0,0.0,0.0,0.0,0.0,2.0,0.0,0.0,2.0,0.0,,0.0,0.0,,0.0,0.0,0.0,1.0,0.0,0.0,2.0,0.0,0.0,1.0,,,,,,
Wolcott,Wolcott Police Dept,CT,,,,,,,,,,,,,,,,,,,,,,,,,,,,,2.0,0.0,,2.0,2.0,0.0,0.0,1.0,2.0,1.0,2.0,0.0,0.0,0.0,,,,,,,,,,,,,,,,,,,,,,0.0,0.0,2.0,0.0,,0.0
