Crime,2006,2007,2008,2009,2010,2011,2012,2013,2014,2015,2016,City
larceny,456.0,385.0,429.0,461.0,403.0,458.0,515.0,492.0,466.0,370.0,381.0,Groton Town
assault,7.0,11.0,11.0,17.0,14.0,17.0,32.0,22.0,24.0,21.0,25.0,Groton Town
murder,0.0,0.0,3.0,0.0,1.0,0.0,0.0,0.0,0.0,0.0,1.0,Groton Town
arson,3.0,2.0,3.0,3.0,3.0,6.0,6.0,7.0,4.0,2.0,2.0,Groton Town
robbery,7.0,9.0,10.0,10.0,8.0,12.0,8.0,8.0,7.0,20.0,7.0,Groton Town
mv-theft,24.0,23.0,17.0,13.0,11.0,25.0,23.0,18.0,36.0,14.0,20.0,Groton Town
burglary,60.0,168.0,147.0,68.0,95.0,70.0,72.0,75.0,62.0,54.0,74.0,Groton Town
property,540.0,576.0,593.0,542.0,509.0,553.0,610.0,585.0,564.0,438.0,475.0,Groton Town
violent-crimes,17,21.0,29.0,31.0,29.0,36.0,48.0,47.0,42.0,46.0,38.0,Groton Town
rape,3.0,1.0,5.0,4.0,6.0,7.0,8.0,17.0,11.0,5.0,5.0,Groton Town
larceny,297.0,287.0,268.0,278.0,249.0,271.0,317.0,284.0,280.0,264.0,245.0,Ansonia
assault,13.0,14.0,10.0,8.0,7.0,7.0,10.0,12.0,12.0,8.0,12.0,Ansonia
murder,0.0,0.0,1.0,2.0,0.0,3.0,0.0,0.0,0.0,0.0,0.0,Ansonia
arson,2.0,0.0,2.0,0.0,2.0,2.0,1.0,1.0,2.0,0.0,1.0,Ansonia
robbery,6.0,21.0,12.0,22.0,18.0,17.0,15.0,16.0,18.0,12.0,10.0,Ansonia
mv-theft,34.0,51.0,36.0,38.0,39.0,39.0,58.0,50.0,30.0,39.0,41.0,Ansonia
burglary,52.0,38.0,43.0,36.0,36.0,44.0,80.0,59.0,62.0,47.0,45.0,Ansonia
property,383.0,376.0,347.0,352.0,324.0,354.0,455.0,393.0,372.0,350.0,331.0,Ansonia
violent-crimes,22,38.0,26.0,36.0,27.0,30.0,29.0,33.0,36.0,25.0,24.0,Ansonia
rape,3.0,3.0,3.0,4.0,2.0,3.0,4.0,5.0,6.0,5.0,2.0,Ansonia
larceny,170.0,178.0,125.0,138.0,147.0,149.0,143.0,117.0,142.0,130.0,119.0,Avon
assault,2.0,2.0,3.0,2.0,3.0,0.0,1.0,1.0,1.0,0.0,0.0,Avon
murder,0.0,0.0,0.0,0.0,0.0,0.0,0.0,0.0,0.0,0.0,0.0,Avon
arson,0.0,0.0,0.0,0.0,1.0,0.0,0.0,1.0,1.0,0.0,0.0,Avon
robbery,0.0,1.0,0.0,3.0,1.0,0.0,2.0,3.0,0.0,1.0,1.0,Avon
mv-theft,8.0,1.0,3.0,6.0,1.0,2.0,1.0,6.0,8.0,3.0,8.0,Avon
burglary,30.0,11.0,7.0,28.0,38.0,28.0,25.0,20.0,20.0,14.0,4.0,Avon
property,208.0,190.0,135.0,172.0,186.0,179.0,169.0,143.0,170.0,147.0,131.0,Avon
violent-crimes,5,3.0,4.0,8.0,5.0,0.0,5.0,12.0,2.0,2.0,1.0,Avon
rape,3.0,0.0,1.0,3.0,1.0,0.0,2.0,8.0,1.0,1.0,0.0,Avon
larceny,293.0,299.0,366.0,231.0,260.0,279.0,243.0,225.0,222.0,243.0,257.0,Berlin
assault,2.0,8.0,10.0,6.0,11.0,8.0,16.0,5.0,7.0,6.0,10.0,Berlin
murder,6.0,0.0,0.0,0.0,0.0,0.0,0.0,0.0,0.0,0.0,0.0,Berlin
arson,3.0,0.0,3.0,0.0,3.0,1.0,2.0,1.0,3.0,2.0,0.0,Berlin
robbery,10.0,4.0,9.0,5.0,2.0,6.0,5.0,4.0,1.0,7.0,7.0,Berlin
mv-theft,40.0,22.0,31.0,13.0,11.0,20.0,11.0,11.0,19.0,19.0,28.0,Berlin
burglary,88.0,89.0,82.0,62.0,69.0,80.0,55.0,41.0,57.0,59.0,38.0,Berlin
property,421.0,410.0,479.0,306.0,340.0,379.0,309.0,277.0,298.0,321.0,323.0,Berlin
violent-crimes,19,13.0,21.0,12.0,15.0,15.0,21.0,14.0,11.0,15.0,20.0,Berlin
rape,1.0,1.0,2.0,1.0,2.0,1.0,0.0,5.0,3.0,2.0,3.0,Berlin
larceny,93.0,84.0,128.0,171.0,158.0,253.0,263.0,143.0,135.0,141.0,121.0,Bethel
assault,3.0,3.0,1.0,0.0,1.0,0.0,1.0,1.0,0.0,0.0,0.0,Bethel
murder,0.0,0.0,0.0,0.0,0.0,0.0,0.0,0.0,0.0,0.0,1.0,Bethel
arson,1.0,1.0,0.0,0.0,1.0,0.0,2.0,2.0,0.0,0.0,0.0,Bethel
robbery,3.0,1.0,3.0,1.0,3.0,1.0,2.0,0.0,0.0,0.0,0.0,Bethel
mv-theft,6.0,2.0,9.0,7.0,6.0,6.0,10.0,6.0,7.0,2.0,15.0,Bethel
burglary,22.0,22.0,30.0,36.0,31.0,47.0,48.0,31.0,22.0,26.0,26.0,Bethel
property,121.0,108.0,167.0,214.0,195.0,306.0,321.0,180.0,164.0,169.0,162.0,Bethel
violent-crimes,7,6.0,4.0,1.0,5.0,1.0,6.0,3.0,0.0,4.0,1.0,Bethel
rape,1.0,2.0,0.0,0.0,1.0,0.0,3.0,2.0,0.0,4.0,0.0,Bethel
larceny,,440.0,423.0,367.0,394.0,345.0,404.0,391.0,402.0,417.0,418.0,Bloomfield
assault,,32.0,16.0,22.0,19.0,28.0,18.0,26.0,21.0,42.0,32.0,Bloomfield
murder,,0.0,0.0,1.0,1.0,1.0,0.0,1.0,0.0,1.0,0.0,Bloomfield
arson,,3.0,1.0,1.0,2.0,3.0,0.0,1.0,1.0,0.0,4.0,Bloomfield
robbery,,13.0,12.0,12.0,9.0,8.0,8.0,10.0,12.0,6.0,11.0,Bloomfield
mv-theft,,55.0,53.0,31.0,20.0,27.0,32.0,22.0,22.0,22.0,43.0,Bloomfield
burglary,,82.0,77.0,101.0,76.0,83.0,69.0,51.0,79.0,66.0,54.0,Bloomfield
property,,577.0,553.0,499.0,490.0,455.0,505.0,464.0,503.0,505.0,515.0,Bloomfield
violent-crimes,,54.0,32.0,47.0,32.0,43.0,31.0,46.0,39.0,57.0,52.0,Bloomfield
rape,,9.0,4.0,12.0,3.0,6.0,5.0,9.0,6.0,8.0,9.0,Bloomfield
larceny,,628.0,670.0,558.0,653.0,613.0,595.0,539.0,584.0,622.0,482.0,Branford
assault,,16.0,23.0,14.0,30.0,15.0,11.0,13.0,16.0,12.0,3.0,Branford
murder,,0.0,0.0,1.0,1.0,0.0,0.0,0.0,1.0,0.0,0.0,Branford
arson,,6.0,1.0,1.0,1.0,1.0,1.0,1.0,1.0,0.0,0.0,Branford
robbery,,9.0,9.0,9.0,6.0,11.0,10.0,3.0,8.0,5.0,5.0,Branford
mv-theft,,54.0,59.0,31.0,50.0,55.0,24.0,40.0,23.0,33.0,29.0,Branford
burglary,,98.0,77.0,82.0,101.0,81.0,56.0,55.0,54.0,36.0,32.0,Branford
property,,780.0,806.0,671.0,804.0,749.0,675.0,634.0,661.0,691.0,543.0,Branford
violent-crimes,,31.0,45.0,24.0,37.0,26.0,21.0,16.0,25.0,17.0,10.0,Branford
rape,,6.0,13.0,0.0,0.0,0.0,0.0,0.0,0.0,0.0,2.0,Branford
larceny,4400.0,4223.0,3768.0,3375.0,2377.0,3025.0,2908.0,2610.0,2402.0,2053.0,1857.0,Bridgeport
assault,753.0,837.0,823.0,777.0,772.0,701.0,744.0,720.0,689.0,456.0,595.0,Bridgeport
murder,28.0,14.0,20.0,12.0,22.0,20.0,22.0,11.0,11.0,19.0,10.0,Bridgeport
arson,,43.0,61.0,42.0,20.0,24.0,25.0,31.0,32.0,8.0,9.0,Bridgeport
robbery,659.0,675.0,737.0,680.0,561.0,610.0,606.0,584.0,546.0,441.0,441.0,Bridgeport
mv-theft,1225.0,1153.0,1137.0,964.0,858.0,1042.0,868.0,663.0,754.0,626.0,734.0,Bridgeport
burglary,1362.0,1201.0,1269.0,1276.0,1448.0,1540.0,1377.0,1191.0,1129.0,817.0,667.0,Bridgeport
property,6987.0,6577.0,6174.0,5615.0,4683.0,5607.0,5153.0,4464.0,4285.0,3496.0,3258.0,Bridgeport
violent-crimes,1509,1603.0,1638.0,1527.0,1412.0,1447.0,1760.0,1397.0,1338.0,996.0,1115.0,Bridgeport
rape,69.0,77.0,58.0,58.0,57.0,116.0,388.0,,92.0,80.0,69.0,Bridgeport
larceny,1098.0,1046.0,1027.0,777.0,974.0,1017.0,1123.0,963.0,1079.0,878.0,660.0,Bristol
assault,101.0,110.0,157.0,123.0,140.0,55.0,30.0,20.0,23.0,27.0,22.0,Bristol
murder,1.0,0.0,1.0,1.0,1.0,1.0,3.0,2.0,3.0,0.0,0.0,Bristol
arson,8.0,4.0,0.0,0.0,0.0,9.0,7.0,6.0,5.0,0.0,2.0,Bristol
robbery,58.0,65.0,51.0,32.0,32.0,52.0,51.0,45.0,35.0,40.0,23.0,Bristol
mv-theft,128.0,100.0,87.0,77.0,71.0,114.0,112.0,127.0,99.0,122.0,110.0,Bristol
burglary,466.0,402.0,348.0,250.0,290.0,365.0,355.0,310.0,335.0,218.0,183.0,Bristol
property,1692.0,1548.0,1462.0,1104.0,1335.0,1496.0,1590.0,1400.0,1513.0,1218.0,953.0,Bristol
violent-crimes,173,187.0,236.0,182.0,200.0,118.0,93.0,82.0,72.0,78.0,55.0,Bristol
rape,13.0,12.0,27.0,26.0,27.0,10.0,9.0,15.0,11.0,11.0,10.0,Bristol
larceny,,128.0,131.0,138.0,102.0,160.0,149.0,141.0,139.0,110.0,95.0,Brookfield
assault,,1.0,1.0,3.0,3.0,4.0,2.0,9.0,1.0,5.0,9.0,Brookfield
murder,,0.0,0.0,0.0,0.0,0.0,0.0,0.0,0.0,0.0,0.0,Brookfield
arson,,0.0,0.0,1.0,0.0,0.0,0.0,0.0,0.0,1.0,0.0,Brookfield
robbery,,2.0,4.0,2.0,2.0,5.0,0.0,0.0,2.0,1.0,1.0,Brookfield
mv-theft,,8.0,9.0,6.0,1.0,6.0,6.0,5.0,4.0,7.0,9.0,Brookfield
burglary,,34.0,27.0,24.0,39.0,34.0,36.0,16.0,19.0,20.0,22.0,Brookfield
property,,170.0,167.0,168.0,142.0,200.0,191.0,162.0,162.0,137.0,126.0,Brookfield
violent-crimes,,3.0,6.0,5.0,5.0,10.0,2.0,9.0,3.0,6.0,10.0,Brookfield
rape,,0.0,1.0,0.0,0.0,1.0,0.0,0.0,0.0,0.0,0.0,Brookfield
larceny,100.0,105.0,105.0,72.0,98.0,82.0,78.0,56.0,61.0,44.0,107.0,Canton
assault,4.0,1.0,2.0,0.0,4.0,1.0,0.0,0.0,0.0,0.0,0.0,Canton
murder,0.0,0.0,0.0,0.0,0.0,0.0,0.0,0.0,0.0,0.0,0.0,Canton
arson,1.0,0.0,0.0,0.0,0.0,0.0,0.0,0.0,0.0,0.0,0.0,Canton
robbery,0.0,0.0,1.0,1.0,1.0,0.0,0.0,0.0,1.0,1.0,0.0,Canton
mv-theft,12.0,5.0,5.0,6.0,2.0,3.0,3.0,1.0,0.0,0.0,9.0,Canton
burglary,17.0,23.0,16.0,8.0,14.0,21.0,7.0,15.0,11.0,5.0,4.0,Canton
property,129.0,133.0,126.0,86.0,114.0,106.0,88.0,72.0,72.0,49.0,120.0,Canton
violent-crimes,4,3.0,3.0,1.0,5.0,2.0,1.0,2.0,2.0,1.0,0.0,Canton
rape,0.0,2.0,0.0,0.0,0.0,1.0,1.0,2.0,1.0,0.0,0.0,Canton
larceny,191.0,196.0,232.0,226.0,230.0,204.0,210.0,166.0,171.0,161.0,184.0,Cheshire
assault,2.0,4.0,5.0,12.0,10.0,9.0,0.0,1.0,3.0,6.0,2.0,Cheshire
murder,0.0,2.0,0.0,0.0,0.0,0.0,0.0,0.0,1.0,0.0,0.0,Cheshire
arson,3.0,1.0,0.0,1.0,1.0,0.0,0.0,1.0,0.0,0.0,0.0,Cheshire
robbery,3.0,2.0,2.0,1.0,2.0,3.0,4.0,1.0,2.0,2.0,0.0,Cheshire
mv-theft,15.0,13.0,11.0,8.0,11.0,9.0,7.0,10.0,29.0,10.0,31.0,Cheshire
burglary,41.0,62.0,50.0,59.0,62.0,71.0,48.0,28.0,40.0,18.0,29.0,Cheshire
property,247.0,271.0,293.0,293.0,303.0,284.0,265.0,204.0,240.0,189.0,244.0,Cheshire
violent-crimes,8,9.0,7.0,13.0,12.0,12.0,4.0,2.0,6.0,9.0,4.0,Cheshire
rape,3.0,1.0,0.0,0.0,0.0,0.0,0.0,0.0,0.0,1.0,2.0,Cheshire
larceny,,216.0,344.0,252.0,248.0,262.0,241.0,208.0,203.0,247.0,238.0,Clinton
assault,,7.0,8.0,9.0,8.0,10.0,8.0,12.0,11.0,9.0,12.0,Clinton
murder,,0.0,0.0,1.0,0.0,0.0,0.0,1.0,0.0,0.0,0.0,Clinton
arson,,1.0,2.0,0.0,4.0,2.0,1.0,2.0,3.0,1.0,0.0,Clinton
robbery,,3.0,2.0,3.0,2.0,2.0,3.0,2.0,0.0,4.0,1.0,Clinton
mv-theft,,11.0,9.0,1.0,6.0,2.0,8.0,0.0,8.0,3.0,18.0,Clinton
burglary,,29.0,16.0,51.0,134.0,54.0,53.0,58.0,51.0,39.0,26.0,Clinton
property,,256.0,369.0,304.0,388.0,318.0,302.0,266.0,262.0,289.0,282.0,Clinton
violent-crimes,,15.0,17.0,16.0,17.0,19.0,27.0,21.0,18.0,18.0,20.0,Clinton
rape,,5.0,7.0,3.0,7.0,7.0,16.0,6.0,7.0,5.0,7.0,Clinton
larceny,,94.0,98.0,99.0,109.0,118.0,101.0,101.0,89.0,63.0,99.0,Coventry
assault,,7.0,11.0,15.0,2.0,6.0,0.0,5.0,3.0,0.0,2.0,Coventry
murder,,0.0,0.0,0.0,0.0,0.0,0.0,1.0,0.0,0.0,0.0,Coventry
arson,,1.0,0.0,0.0,1.0,1.0,0.0,0.0,0.0,0.0,0.0,Coventry
robbery,,0.0,0.0,1.0,4.0,4.0,0.0,2.0,0.0,0.0,0.0,Coventry
mv-theft,,8.0,6.0,6.0,11.0,6.0,2.0,6.0,8.0,2.0,7.0,Coventry
burglary,,54.0,33.0,56.0,45.0,67.0,67.0,39.0,36.0,27.0,21.0,Coventry
property,,156.0,137.0,161.0,165.0,191.0,170.0,146.0,133.0,92.0,127.0,Coventry
violent-crimes,,8.0,12.0,20.0,7.0,15.0,2.0,9.0,9.0,1.0,3.0,Coventry
rape,,1.0,1.0,4.0,1.0,5.0,2.0,1.0,6.0,1.0,1.0,Coventry
larceny,,256.0,265.0,310.0,290.0,297.0,233.0,257.0,262.0,300.0,328.0,Cromwell
assault,,7.0,12.0,6.0,4.0,1.0,4.0,1.0,5.0,5.0,3.0,Cromwell
murder,,0.0,2.0,0.0,0.0,0.0,0.0,0.0,0.0,0.0,0.0,Cromwell
arson,,2.0,1.0,1.0,1.0,0.0,0.0,0.0,0.0,0.0,0.0,Cromwell
robbery,,10.0,3.0,6.0,12.0,4.0,6.0,8.0,1.0,4.0,4.0,Cromwell
mv-theft,,17.0,21.0,18.0,16.0,15.0,13.0,4.0,6.0,32.0,23.0,Cromwell
burglary,,42.0,29.0,50.0,48.0,28.0,44.0,16.0,26.0,12.0,18.0,Cromwell
property,,315.0,315.0,378.0,354.0,340.0,290.0,277.0,294.0,344.0,369.0,Cromwell
violent-crimes,,20.0,17.0,14.0,17.0,6.0,11.0,9.0,8.0,9.0,7.0,Cromwell
rape,,3.0,0.0,2.0,1.0,1.0,1.0,0.0,2.0,0.0,0.0,Cromwell
larceny,1191.0,1069.0,1237.0,1219.0,1177.0,1183.0,1201.0,972.0,1007.0,1070.0,1056.0,Danbury
assault,55.0,49.0,52.0,53.0,47.0,53.0,40.0,28.0,54.0,48.0,56.0,Danbury
murder,4.0,2.0,1.0,2.0,2.0,1.0,1.0,2.0,1.0,0.0,0.0,Danbury
arson,1.0,3.0,3.0,6.0,5.0,5.0,6.0,2.0,3.0,6.0,5.0,Danbury
robbery,62.0,75.0,41.0,50.0,46.0,76.0,45.0,53.0,64.0,64.0,75.0,Danbury
mv-theft,153.0,138.0,114.0,98.0,80.0,62.0,74.0,64.0,115.0,113.0,139.0,Danbury
burglary,257.0,275.0,275.0,219.0,258.0,343.0,287.0,221.0,230.0,178.0,168.0,Danbury
property,1601.0,1482.0,1626.0,1536.0,1515.0,1588.0,1562.0,1257.0,1352.0,1361.0,1363.0,Danbury
violent-crimes,132,146.0,109.0,130.0,116.0,164.0,109.0,108.0,150.0,157.0,161.0,Danbury
rape,11.0,20.0,15.0,25.0,21.0,34.0,23.0,,31.0,45.0,30.0,Danbury
larceny,159.0,162.0,164.0,111.0,97.0,120.0,85.0,65.0,160.0,174.0,187.0,Darien
assault,44.0,2.0,3.0,10.0,0.0,4.0,1.0,2.0,1.0,1.0,1.0,Darien
murder,0.0,0.0,0.0,0.0,0.0,0.0,0.0,0.0,0.0,0.0,0.0,Darien
arson,0.0,0.0,0.0,0.0,0.0,1.0,0.0,0.0,0.0,0.0,2.0,Darien
robbery,3.0,1.0,4.0,4.0,1.0,2.0,1.0,0.0,2.0,2.0,0.0,Darien
mv-theft,5.0,13.0,6.0,2.0,6.0,9.0,1.0,2.0,7.0,17.0,16.0,Darien
burglary,21.0,31.0,37.0,17.0,39.0,21.0,13.0,13.0,24.0,31.0,39.0,Darien
property,185.0,206.0,207.0,130.0,142.0,150.0,99.0,80.0,191.0,222.0,242.0,Darien
violent-crimes,47,3.0,7.0,14.0,1.0,6.0,2.0,2.0,5.0,3.0,1.0,Darien
rape,0.0,0.0,0.0,0.0,0.0,0.0,0.0,0.0,2.0,0.0,0.0,Darien
larceny,,326.0,256.0,258.0,280.0,271.0,271.0,240.0,238.0,272.0,195.0,Derby
assault,,11.0,7.0,10.0,25.0,12.0,9.0,9.0,12.0,13.0,12.0,Derby
murder,,0.0,0.0,1.0,0.0,0.0,1.0,0.0,0.0,0.0,0.0,Derby
arson,,0.0,2.0,0.0,0.0,0.0,2.0,3.0,1.0,0.0,0.0,Derby
robbery,,11.0,8.0,11.0,9.0,9.0,10.0,11.0,9.0,14.0,21.0,Derby
mv-theft,,45.0,27.0,23.0,31.0,27.0,34.0,25.0,21.0,24.0,38.0,Derby
burglary,,100.0,61.0,105.0,69.0,75.0,92.0,51.0,72.0,65.0,65.0,Derby
property,,471.0,344.0,386.0,380.0,373.0,397.0,316.0,331.0,361.0,298.0,Derby
violent-crimes,,24.0,21.0,26.0,36.0,22.0,28.0,22.0,24.0,31.0,39.0,Derby
rape,,2.0,6.0,4.0,2.0,1.0,8.0,2.0,3.0,4.0,6.0,Derby
larceny,80.0,149.0,103.0,78.0,97.0,197.0,109.0,93.0,55.0,67.0,87.0,East Hampton
assault,1.0,1.0,6.0,0.0,6.0,8.0,2.0,5.0,1.0,1.0,4.0,East Hampton
murder,0.0,0.0,0.0,0.0,0.0,1.0,1.0,0.0,0.0,0.0,0.0,East Hampton
arson,1.0,0.0,0.0,1.0,0.0,0.0,0.0,0.0,0.0,0.0,0.0,East Hampton
robbery,0.0,2.0,0.0,1.0,3.0,0.0,1.0,0.0,1.0,1.0,0.0,East Hampton
mv-theft,10.0,6.0,9.0,0.0,9.0,6.0,5.0,3.0,2.0,2.0,10.0,East Hampton
burglary,20.0,26.0,39.0,24.0,54.0,42.0,34.0,43.0,14.0,18.0,10.0,East Hampton
property,110.0,181.0,151.0,102.0,160.0,245.0,148.0,139.0,71.0,87.0,107.0,East Hampton
violent-crimes,1,3.0,8.0,1.0,9.0,11.0,5.0,5.0,3.0,4.0,4.0,East Hampton
rape,0.0,0.0,2.0,0.0,0.0,2.0,1.0,0.0,1.0,2.0,0.0,East Hampton
larceny,1249.0,1030.0,1069.0,1173.0,1042.0,938.0,1029.0,998.0,800.0,754.0,922.0,East Hartford
assault,108.0,103.0,111.0,87.0,86.0,72.0,81.0,87.0,50.0,70.0,66.0,East Hartford
murder,1.0,3.0,1.0,2.0,6.0,0.0,2.0,1.0,2.0,1.0,4.0,East Hartford
arson,10.0,12.0,9.0,10.0,10.0,10.0,11.0,9.0,7.0,12.0,10.0,East Hartford
robbery,99.0,100.0,88.0,78.0,74.0,79.0,83.0,63.0,55.0,73.0,51.0,East Hartford
mv-theft,222.0,235.0,181.0,169.0,158.0,138.0,182.0,120.0,137.0,156.0,143.0,East Hartford
burglary,286.0,349.0,361.0,328.0,345.0,325.0,362.0,327.0,283.0,196.0,247.0,East Hartford
property,1757.0,1614.0,1611.0,1670.0,1545.0,1401.0,1573.0,1445.0,1220.0,1106.0,1312.0,East Hartford
violent-crimes,235,221.0,222.0,180.0,186.0,173.0,192.0,182.0,131.0,168.0,147.0,East Hartford
rape,27.0,15.0,22.0,13.0,20.0,22.0,26.0,31.0,24.0,24.0,26.0,East Hartford
larceny,386.0,513.0,590.0,500.0,744.0,611.0,642.0,558.0,506.0,506.0,458.0,East Haven
assault,6.0,10.0,24.0,14.0,20.0,12.0,10.0,14.0,14.0,12.0,14.0,East Haven
murder,1.0,0.0,0.0,0.0,0.0,0.0,1.0,0.0,0.0,3.0,0.0,East Haven
arson,5.0,2.0,3.0,0.0,1.0,4.0,4.0,2.0,4.0,0.0,1.0,East Haven
robbery,17.0,26.0,22.0,18.0,20.0,12.0,15.0,12.0,11.0,8.0,14.0,East Haven
mv-theft,96.0,107.0,108.0,71.0,81.0,107.0,67.0,101.0,101.0,40.0,98.0,East Haven
burglary,99.0,123.0,121.0,147.0,119.0,117.0,166.0,95.0,110.0,101.0,101.0,East Haven
property,581.0,743.0,819.0,718.0,944.0,835.0,875.0,754.0,717.0,647.0,657.0,East Haven
violent-crimes,25,42.0,50.0,35.0,43.0,24.0,32.0,29.0,33.0,25.0,32.0,East Haven
rape,1.0,6.0,4.0,3.0,3.0,0.0,6.0,3.0,8.0,2.0,4.0,East Haven
larceny,22.0,18.0,23.0,32.0,20.0,19.0,22.0,14.0,20.0,16.0,33.0,Easton
assault,3.0,2.0,1.0,2.0,0.0,1.0,0.0,1.0,0.0,0.0,1.0,Easton
murder,0.0,0.0,0.0,0.0,0.0,0.0,0.0,0.0,0.0,0.0,0.0,Easton
arson,0.0,0.0,0.0,0.0,0.0,3.0,0.0,0.0,0.0,0.0,0.0,Easton
robbery,0.0,0.0,0.0,0.0,0.0,0.0,0.0,0.0,0.0,0.0,0.0,Easton
mv-theft,6.0,3.0,0.0,3.0,0.0,1.0,1.0,1.0,0.0,0.0,0.0,Easton
burglary,14.0,7.0,6.0,27.0,15.0,3.0,17.0,15.0,10.0,8.0,7.0,Easton
property,42.0,28.0,29.0,62.0,35.0,23.0,40.0,30.0,30.0,24.0,40.0,Easton
violent-crimes,4,2.0,1.0,2.0,0.0,1.0,0.0,1.0,0.0,0.0,1.0,Easton
rape,1.0,0.0,0.0,0.0,0.0,0.0,0.0,0.0,0.0,0.0,0.0,Easton
larceny,274.0,266.0,329.0,298.0,235.0,220.0,268.0,260.0,317.0,263.0,167.0,East Windsor
assault,4.0,6.0,7.0,7.0,7.0,8.0,5.0,4.0,6.0,4.0,8.0,East Windsor
murder,0.0,1.0,0.0,0.0,0.0,0.0,0.0,1.0,1.0,0.0,0.0,East Windsor
arson,2.0,9.0,2.0,1.0,8.0,7.0,4.0,4.0,0.0,9.0,1.0,East Windsor
robbery,5.0,15.0,7.0,3.0,4.0,3.0,6.0,8.0,11.0,3.0,5.0,East Windsor
mv-theft,55.0,39.0,28.0,44.0,21.0,20.0,9.0,9.0,33.0,19.0,10.0,East Windsor
burglary,70.0,52.0,43.0,64.0,53.0,55.0,61.0,48.0,50.0,37.0,20.0,East Windsor
property,399.0,357.0,400.0,406.0,309.0,295.0,338.0,317.0,400.0,319.0,197.0,East Windsor
violent-crimes,12,26.0,17.0,12.0,13.0,14.0,18.0,16.0,23.0,16.0,16.0,East Windsor
rape,3.0,4.0,3.0,2.0,2.0,3.0,7.0,3.0,5.0,9.0,3.0,East Windsor
larceny,836.0,773.0,814.0,710.0,,,591.0,690.0,588.0,626.0,574.0,Enfield
assault,54.0,28.0,26.0,28.0,,,18.0,30.0,28.0,26.0,47.0,Enfield
murder,1.0,3.0,2.0,0.0,,,0.0,0.0,2.0,0.0,1.0,Enfield
arson,4.0,5.0,4.0,6.0,,,5.0,0.0,8.0,1.0,8.0,Enfield
robbery,31.0,22.0,23.0,20.0,,,12.0,19.0,22.0,16.0,20.0,Enfield
mv-theft,123.0,67.0,54.0,46.0,,,31.0,25.0,41.0,41.0,51.0,Enfield
burglary,174.0,157.0,162.0,176.0,,,198.0,142.0,131.0,125.0,161.0,Enfield
property,1133.0,997.0,1030.0,932.0,,,820.0,857.0,760.0,792.0,786.0,Enfield
violent-crimes,94,62.0,51.0,48.0,,,30.0,50.0,53.0,52.0,75.0,Enfield
rape,8.0,9.0,0.0,0.0,,,0.0,,1.0,10.0,7.0,Enfield
larceny,871.0,753.0,881.0,838.0,849.0,885.0,1000.0,936.0,942.0,768.0,820.0,Fairfield
assault,21.0,17.0,20.0,26.0,18.0,14.0,18.0,7.0,20.0,12.0,18.0,Fairfield
murder,1.0,0.0,2.0,0.0,0.0,0.0,0.0,0.0,0.0,0.0,0.0,Fairfield
arson,1.0,0.0,0.0,0.0,0.0,6.0,1.0,1.0,2.0,1.0,0.0,Fairfield
robbery,11.0,14.0,12.0,9.0,15.0,9.0,13.0,16.0,9.0,5.0,17.0,Fairfield
mv-theft,72.0,56.0,48.0,54.0,77.0,52.0,70.0,39.0,29.0,35.0,61.0,Fairfield
burglary,167.0,174.0,152.0,218.0,118.0,194.0,231.0,173.0,196.0,142.0,121.0,Fairfield
property,1110.0,983.0,1081.0,1110.0,1044.0,1131.0,1301.0,1148.0,1167.0,945.0,1002.0,Fairfield
violent-crimes,36,33.0,39.0,37.0,35.0,24.0,33.0,28.0,33.0,21.0,38.0,Fairfield
rape,3.0,2.0,5.0,2.0,2.0,1.0,2.0,5.0,4.0,4.0,3.0,Fairfield
larceny,560.0,535.0,577.0,610.0,634.0,562.0,549.0,591.0,591.0,541.0,595.0,Farmington
assault,1.0,7.0,3.0,3.0,1.0,4.0,5.0,6.0,2.0,3.0,3.0,Farmington
murder,0.0,0.0,0.0,0.0,0.0,0.0,0.0,0.0,0.0,0.0,0.0,Farmington
arson,0.0,2.0,4.0,0.0,4.0,0.0,1.0,0.0,0.0,0.0,0.0,Farmington
robbery,10.0,12.0,7.0,9.0,4.0,12.0,17.0,11.0,12.0,1.0,10.0,Farmington
mv-theft,44.0,21.0,33.0,28.0,24.0,7.0,30.0,20.0,10.0,24.0,21.0,Farmington
burglary,58.0,73.0,71.0,52.0,40.0,54.0,50.0,47.0,53.0,33.0,36.0,Farmington
property,662.0,629.0,681.0,690.0,698.0,623.0,629.0,658.0,654.0,598.0,652.0,Farmington
violent-crimes,14,19.0,10.0,17.0,11.0,16.0,24.0,20.0,20.0,7.0,17.0,Farmington
rape,3.0,0.0,0.0,5.0,6.0,0.0,2.0,3.0,6.0,3.0,4.0,Farmington
larceny,315.0,303.0,229.0,263.0,258.0,238.0,258.0,201.0,210.0,300.0,,Glastonbury
assault,8.0,17.0,13.0,11.0,17.0,14.0,10.0,12.0,4.0,8.0,,Glastonbury
murder,0.0,0.0,1.0,0.0,0.0,0.0,0.0,0.0,0.0,0.0,,Glastonbury
arson,3.0,1.0,0.0,0.0,0.0,1.0,1.0,0.0,1.0,0.0,,Glastonbury
robbery,7.0,4.0,4.0,9.0,11.0,5.0,9.0,5.0,5.0,8.0,,Glastonbury
mv-theft,7.0,20.0,6.0,8.0,6.0,12.0,13.0,7.0,7.0,12.0,,Glastonbury
burglary,77.0,81.0,73.0,84.0,85.0,73.0,55.0,66.0,80.0,34.0,,Glastonbury
property,399.0,404.0,308.0,355.0,349.0,323.0,326.0,274.0,297.0,346.0,,Glastonbury
violent-crimes,16,23.0,21.0,23.0,29.0,21.0,22.0,17.0,10.0,16.0,,Glastonbury
rape,1.0,2.0,3.0,3.0,1.0,2.0,3.0,0.0,1.0,0.0,,Glastonbury
larceny,106.0,104.0,111.0,106.0,83.0,85.0,91.0,75.0,83.0,74.0,71.0,Granby
assault,3.0,1.0,3.0,1.0,3.0,2.0,1.0,3.0,2.0,1.0,2.0,Granby
murder,0.0,0.0,0.0,0.0,0.0,0.0,0.0,0.0,0.0,0.0,0.0,Granby
arson,1.0,0.0,2.0,1.0,2.0,1.0,0.0,0.0,1.0,0.0,0.0,Granby
robbery,0.0,2.0,1.0,0.0,0.0,3.0,1.0,0.0,0.0,0.0,0.0,Granby
mv-theft,6.0,5.0,4.0,9.0,4.0,3.0,0.0,2.0,1.0,0.0,1.0,Granby
burglary,21.0,14.0,18.0,22.0,22.0,25.0,5.0,21.0,6.0,6.0,5.0,Granby
property,133.0,123.0,133.0,137.0,109.0,113.0,96.0,98.0,90.0,80.0,77.0,Granby
violent-crimes,3,9.0,6.0,3.0,4.0,9.0,2.0,5.0,3.0,2.0,2.0,Granby
rape,0.0,6.0,2.0,2.0,1.0,4.0,0.0,2.0,1.0,1.0,0.0,Granby
larceny,428.0,350.0,362.0,404.0,421.0,326.0,301.0,340.0,364.0,305.0,305.0,Greenwich
assault,12.0,19.0,6.0,13.0,12.0,10.0,15.0,4.0,11.0,3.0,7.0,Greenwich
murder,2.0,1.0,2.0,1.0,0.0,0.0,0.0,0.0,0.0,0.0,0.0,Greenwich
arson,3.0,2.0,0.0,5.0,4.0,1.0,4.0,3.0,0.0,1.0,1.0,Greenwich
robbery,10.0,4.0,5.0,7.0,9.0,14.0,6.0,6.0,5.0,7.0,6.0,Greenwich
mv-theft,28.0,25.0,36.0,38.0,38.0,18.0,22.0,42.0,29.0,34.0,48.0,Greenwich
burglary,58.0,71.0,83.0,72.0,94.0,79.0,45.0,77.0,76.0,64.0,50.0,Greenwich
property,514.0,446.0,481.0,514.0,553.0,423.0,368.0,459.0,469.0,403.0,403.0,Greenwich
violent-crimes,25,25.0,15.0,23.0,22.0,27.0,23.0,12.0,18.0,11.0,14.0,Greenwich
rape,1.0,1.0,2.0,2.0,1.0,3.0,2.0,2.0,2.0,1.0,1.0,Greenwich
larceny,196.0,151.0,139.0,138.0,124.0,122.0,139.0,124.0,136.0,140.0,162.0,Groton
assault,13.0,9.0,15.0,17.0,16.0,15.0,10.0,7.0,10.0,12.0,12.0,Groton
murder,0.0,0.0,0.0,0.0,0.0,0.0,0.0,0.0,0.0,0.0,0.0,Groton
arson,4.0,1.0,1.0,1.0,0.0,1.0,3.0,4.0,0.0,3.0,2.0,Groton
robbery,9.0,2.0,2.0,5.0,6.0,5.0,3.0,0.0,1.0,1.0,1.0,Groton
mv-theft,10.0,10.0,5.0,6.0,6.0,5.0,10.0,4.0,12.0,11.0,16.0,Groton
burglary,41.0,30.0,45.0,27.0,27.0,13.0,8.0,6.0,9.0,9.0,29.0,Groton
property,247.0,191.0,189.0,171.0,157.0,140.0,157.0,134.0,157.0,160.0,207.0,Groton
violent-crimes,26,16.0,21.0,27.0,26.0,24.0,17.0,7.0,15.0,24.0,17.0,Groton
rape,4.0,5.0,4.0,5.0,4.0,4.0,4.0,0.0,4.0,11.0,4.0,Groton
larceny,4.0,8.0,5.0,5.0,6.0,12.0,9.0,3.0,0.0,6.0,2.0,Groton Long Point
assault,1.0,1.0,1.0,0.0,0.0,0.0,0.0,0.0,0.0,0.0,0.0,Groton Long Point
murder,0.0,0.0,0.0,0.0,0.0,0.0,0.0,0.0,0.0,0.0,0.0,Groton Long Point
arson,0.0,0.0,0.0,0.0,0.0,0.0,0.0,0.0,0.0,0.0,0.0,Groton Long Point
robbery,0.0,0.0,0.0,0.0,0.0,0.0,0.0,0.0,0.0,0.0,0.0,Groton Long Point
mv-theft,0.0,1.0,1.0,0.0,0.0,0.0,2.0,0.0,0.0,0.0,0.0,Groton Long Point
burglary,0.0,2.0,2.0,2.0,1.0,0.0,3.0,0.0,1.0,5.0,2.0,Groton Long Point
property,4.0,11.0,8.0,7.0,7.0,12.0,14.0,3.0,1.0,11.0,4.0,Groton Long Point
violent-crimes,1,1.0,1.0,0.0,0.0,0.0,0.0,0.0,0.0,0.0,0.0,Groton Long Point
rape,0.0,0.0,0.0,0.0,0.0,0.0,0.0,,0.0,0.0,0.0,Groton Long Point
larceny,246.0,284.0,309.0,288.0,352.0,272.0,235.0,218.0,312.0,176.0,162.0,Guilford
assault,25.0,12.0,22.0,11.0,17.0,12.0,14.0,4.0,15.0,6.0,4.0,Guilford
murder,0.0,0.0,0.0,0.0,0.0,0.0,0.0,0.0,0.0,0.0,0.0,Guilford
arson,0.0,0.0,0.0,1.0,0.0,1.0,0.0,0.0,1.0,0.0,0.0,Guilford
robbery,1.0,2.0,3.0,4.0,1.0,1.0,7.0,0.0,1.0,3.0,2.0,Guilford
mv-theft,16.0,15.0,14.0,15.0,13.0,10.0,7.0,7.0,7.0,1.0,7.0,Guilford
burglary,58.0,52.0,59.0,69.0,70.0,65.0,51.0,28.0,20.0,28.0,31.0,Guilford
property,320.0,351.0,382.0,372.0,435.0,347.0,293.0,253.0,339.0,205.0,200.0,Guilford
violent-crimes,33,19.0,30.0,20.0,20.0,16.0,24.0,5.0,17.0,13.0,8.0,Guilford
rape,7.0,5.0,5.0,5.0,2.0,3.0,3.0,,1.0,4.0,2.0,Guilford
larceny,1371.0,1067.0,1192.0,941.0,,,1089.0,1047.0,1021.0,1022.0,1164.0,Hamden
assault,16.0,44.0,29.0,33.0,,,278.0,245.0,164.0,130.0,151.0,Hamden
murder,1.0,1.0,0.0,0.0,,,2.0,0.0,1.0,3.0,1.0,Hamden
arson,5.0,4.0,2.0,2.0,,,2.0,1.0,0.0,3.0,1.0,Hamden
robbery,67.0,63.0,73.0,54.0,,,39.0,62.0,56.0,46.0,35.0,Hamden
mv-theft,173.0,137.0,120.0,98.0,,,97.0,77.0,77.0,87.0,132.0,Hamden
burglary,183.0,192.0,165.0,123.0,,,196.0,234.0,257.0,223.0,211.0,Hamden
property,1727.0,1396.0,1477.0,1162.0,,,1382.0,1358.0,1355.0,1332.0,1507.0,Hamden
violent-crimes,97,121.0,107.0,97.0,,,322.0,319.0,231.0,189.0,195.0,Hamden
rape,13.0,13.0,5.0,10.0,,,3.0,12.0,10.0,10.0,8.0,Hamden
larceny,5957.0,4437.0,4048.0,4061.0,3639.0,3372.0,3467.0,3416.0,3642.0,3613.0,3616.0,Hartford
assault,761.0,680.0,782.0,921.0,982.0,955.0,965.0,840.0,814.0,835.0,798.0,Hartford
murder,24.0,31.0,31.0,33.0,26.0,27.0,23.0,23.0,19.0,32.0,14.0,Hartford
arson,87.0,107.0,97.0,84.0,95.0,91.0,88.0,45.0,45.0,55.0,112.0,Hartford
robbery,758.0,642.0,629.0,600.0,570.0,602.0,640.0,557.0,502.0,510.0,476.0,Hartford
mv-theft,1709.0,1601.0,1326.0,993.0,837.0,859.0,802.0,639.0,750.0,897.0,773.0,Hartford
burglary,1158.0,1168.0,1000.0,1135.0,1019.0,1271.0,1050.0,981.0,888.0,958.0,808.0,Hartford
property,8824.0,7206.0,6374.0,6189.0,5495.0,5502.0,5319.0,5036.0,5280.0,5468.0,5197.0,Hartford
violent-crimes,1590,1411.0,1503.0,1603.0,1624.0,1639.0,1655.0,1473.0,1380.0,1421.0,1353.0,Hartford
rape,47.0,58.0,61.0,49.0,46.0,55.0,27.0,,45.0,44.0,65.0,Hartford
larceny,137.0,130.0,156.0,131.0,150.0,96.0,89.0,96.0,97.0,49.0,57.0,Madison
assault,8.0,10.0,1.0,6.0,13.0,4.0,1.0,1.0,1.0,0.0,1.0,Madison
murder,0.0,0.0,0.0,0.0,1.0,0.0,0.0,0.0,0.0,0.0,0.0,Madison
arson,1.0,0.0,2.0,1.0,1.0,0.0,1.0,0.0,1.0,0.0,0.0,Madison
robbery,0.0,0.0,3.0,0.0,1.0,1.0,1.0,0.0,0.0,0.0,0.0,Madison
mv-theft,2.0,10.0,9.0,2.0,3.0,1.0,2.0,0.0,11.0,0.0,9.0,Madison
burglary,34.0,34.0,53.0,46.0,58.0,26.0,25.0,16.0,11.0,9.0,17.0,Madison
property,173.0,174.0,218.0,179.0,211.0,123.0,116.0,112.0,119.0,58.0,83.0,Madison
violent-crimes,8,10.0,5.0,6.0,18.0,5.0,2.0,2.0,2.0,0.0,1.0,Madison
rape,0.0,0.0,1.0,0.0,3.0,0.0,0.0,1.0,1.0,0.0,0.0,Madison
larceny,1738.0,1637.0,1684.0,1636.0,1510.0,1380.0,1417.0,1231.0,1331.0,1354.0,1297.0,Manchester
assault,84.0,58.0,104.0,70.0,76.0,65.0,52.0,32.0,53.0,49.0,53.0,Manchester
murder,0.0,1.0,0.0,0.0,8.0,1.0,1.0,3.0,2.0,0.0,1.0,Manchester
arson,18.0,10.0,14.0,9.0,5.0,6.0,7.0,3.0,3.0,7.0,5.0,Manchester
robbery,58.0,46.0,30.0,55.0,36.0,53.0,46.0,50.0,45.0,37.0,39.0,Manchester
mv-theft,179.0,123.0,93.0,107.0,84.0,86.0,92.0,53.0,61.0,69.0,110.0,Manchester
burglary,276.0,218.0,268.0,297.0,253.0,256.0,288.0,221.0,189.0,151.0,152.0,Manchester
property,2193.0,1978.0,2045.0,2040.0,1847.0,1722.0,1797.0,1505.0,1581.0,1574.0,1559.0,Manchester
violent-crimes,151,111.0,140.0,137.0,131.0,128.0,111.0,101.0,111.0,104.0,107.0,Manchester
rape,9.0,6.0,6.0,12.0,11.0,9.0,12.0,,11.0,18.0,14.0,Manchester
larceny,1463.0,1448.0,1473.0,1574.0,1289.0,1136.0,1223.0,972.0,958.0,992.0,914.0,Meriden
assault,73.0,61.0,88.0,73.0,68.0,78.0,116.0,71.0,96.0,76.0,129.0,Meriden
murder,3.0,0.0,2.0,3.0,0.0,0.0,5.0,0.0,0.0,1.0,2.0,Meriden
arson,28.0,9.0,4.0,8.0,6.0,5.0,9.0,5.0,6.0,8.0,9.0,Meriden
robbery,135.0,106.0,72.0,88.0,70.0,57.0,76.0,85.0,68.0,90.0,68.0,Meriden
mv-theft,215.0,186.0,161.0,125.0,132.0,141.0,168.0,146.0,150.0,127.0,161.0,Meriden
burglary,433.0,459.0,409.0,393.0,416.0,444.0,421.0,385.0,306.0,321.0,292.0,Meriden
property,2111.0,2093.0,2043.0,2092.0,1837.0,1721.0,1812.0,1503.0,1414.0,1440.0,1367.0,Meriden
violent-crimes,222,173.0,172.0,176.0,144.0,144.0,222.0,175.0,181.0,197.0,227.0,Meriden
rape,11.0,6.0,10.0,12.0,6.0,9.0,25.0,,17.0,30.0,28.0,Meriden
larceny,55.0,56.0,47.0,42.0,70.0,60.0,45.0,53.0,45.0,44.0,36.0,Middlebury
assault,1.0,2.0,2.0,2.0,1.0,1.0,1.0,1.0,2.0,0.0,2.0,Middlebury
murder,0.0,0.0,0.0,0.0,0.0,0.0,0.0,0.0,0.0,0.0,0.0,Middlebury
arson,0.0,0.0,0.0,0.0,0.0,0.0,0.0,0.0,0.0,0.0,0.0,Middlebury
robbery,0.0,0.0,0.0,0.0,0.0,0.0,1.0,0.0,2.0,2.0,0.0,Middlebury
mv-theft,4.0,1.0,4.0,5.0,2.0,3.0,5.0,5.0,2.0,5.0,8.0,Middlebury
burglary,11.0,12.0,12.0,6.0,25.0,21.0,20.0,10.0,9.0,12.0,17.0,Middlebury
property,70.0,69.0,63.0,53.0,97.0,84.0,70.0,68.0,56.0,61.0,61.0,Middlebury
violent-crimes,1,2.0,2.0,3.0,2.0,1.0,4.0,1.0,4.0,2.0,3.0,Middlebury
rape,0.0,0.0,0.0,1.0,1.0,0.0,2.0,0.0,0.0,0.0,1.0,Middlebury
larceny,1101.0,966.0,1329.0,1186.0,914.0,820.0,661.0,666.0,699.0,579.0,731.0,Middletown
assault,31.0,23.0,21.0,27.0,35.0,37.0,45.0,26.0,51.0,37.0,42.0,Middletown
murder,1.0,0.0,1.0,1.0,0.0,0.0,1.0,0.0,0.0,1.0,0.0,Middletown
arson,0.0,0.0,4.0,4.0,3.0,2.0,3.0,0.0,1.0,0.0,0.0,Middletown
robbery,25.0,25.0,52.0,32.0,20.0,30.0,25.0,22.0,23.0,19.0,23.0,Middletown
mv-theft,149.0,122.0,95.0,92.0,59.0,60.0,83.0,74.0,64.0,58.0,87.0,Middletown
burglary,222.0,179.0,220.0,214.0,157.0,143.0,156.0,87.0,96.0,89.0,109.0,Middletown
property,1472.0,1267.0,1644.0,1492.0,1130.0,1023.0,900.0,827.0,859.0,726.0,927.0,Middletown
violent-crimes,60,48.0,78.0,60.0,59.0,77.0,72.0,60.0,78.0,64.0,70.0,Middletown
rape,3.0,0.0,4.0,0.0,4.0,10.0,1.0,12.0,4.0,7.0,5.0,Middletown
larceny,1421.0,1588.0,1753.0,1598.0,1365.0,1515.0,1371.0,1302.0,1179.0,1156.0,1001.0,Milford
assault,48.0,46.0,34.0,45.0,32.0,11.0,11.0,18.0,12.0,10.0,7.0,Milford
murder,1.0,0.0,0.0,1.0,1.0,1.0,0.0,0.0,2.0,0.0,0.0,Milford
arson,5.0,6.0,4.0,1.0,4.0,4.0,4.0,0.0,8.0,5.0,2.0,Milford
robbery,19.0,41.0,28.0,31.0,19.0,23.0,33.0,23.0,21.0,26.0,27.0,Milford
mv-theft,136.0,98.0,83.0,96.0,80.0,80.0,65.0,105.0,62.0,65.0,88.0,Milford
burglary,218.0,214.0,152.0,163.0,183.0,158.0,150.0,148.0,146.0,127.0,126.0,Milford
property,1775.0,1900.0,1988.0,1857.0,1628.0,1753.0,1586.0,1555.0,1387.0,1348.0,1215.0,Milford
violent-crimes,80,91.0,68.0,83.0,55.0,35.0,46.0,42.0,35.0,37.0,34.0,Milford
rape,12.0,4.0,6.0,6.0,3.0,0.0,2.0,,0.0,1.0,0.0,Milford
larceny,108.0,125.0,135.0,109.0,92.0,138.0,115.0,123.0,111.0,83.0,63.0,Monroe
assault,6.0,2.0,13.0,4.0,4.0,2.0,1.0,0.0,1.0,1.0,0.0,Monroe
murder,0.0,0.0,0.0,0.0,0.0,0.0,0.0,0.0,0.0,0.0,0.0,Monroe
arson,0.0,0.0,0.0,1.0,1.0,3.0,0.0,0.0,0.0,0.0,0.0,Monroe
robbery,1.0,2.0,3.0,1.0,0.0,1.0,1.0,1.0,1.0,2.0,2.0,Monroe
mv-theft,14.0,29.0,7.0,7.0,6.0,6.0,3.0,9.0,9.0,6.0,3.0,Monroe
burglary,32.0,36.0,42.0,47.0,34.0,37.0,41.0,25.0,37.0,24.0,16.0,Monroe
property,154.0,190.0,184.0,163.0,132.0,181.0,159.0,157.0,157.0,113.0,82.0,Monroe
violent-crimes,8,6.0,17.0,7.0,4.0,6.0,3.0,1.0,3.0,3.0,2.0,Monroe
rape,1.0,2.0,1.0,2.0,0.0,3.0,1.0,0.0,1.0,0.0,0.0,Monroe
larceny,,491.0,494.0,463.0,503.0,498.0,498.0,507.0,507.0,466.0,413.0,Naugatuck
assault,,13.0,13.0,9.0,12.0,9.0,12.0,10.0,13.0,10.0,16.0,Naugatuck
murder,,1.0,1.0,1.0,0.0,0.0,0.0,0.0,0.0,0.0,0.0,Naugatuck
arson,,4.0,1.0,0.0,2.0,1.0,2.0,0.0,3.0,1.0,1.0,Naugatuck
robbery,,5.0,9.0,11.0,9.0,11.0,11.0,13.0,10.0,13.0,13.0,Naugatuck
mv-theft,,50.0,37.0,29.0,45.0,37.0,42.0,60.0,33.0,25.0,46.0,Naugatuck
burglary,,80.0,74.0,69.0,75.0,71.0,92.0,200.0,77.0,61.0,86.0,Naugatuck
property,,621.0,605.0,561.0,623.0,606.0,632.0,767.0,617.0,552.0,545.0,Naugatuck
violent-crimes,,21.0,33.0,30.0,30.0,31.0,30.0,33.0,27.0,34.0,37.0,Naugatuck
rape,,2.0,10.0,9.0,9.0,11.0,7.0,10.0,4.0,11.0,8.0,Naugatuck
larceny,2119.0,2266.0,2096.0,2076.0,1886.0,1768.0,1749.0,1415.0,1361.0,1362.0,1257.0,New Britain
assault,125.0,117.0,120.0,133.0,143.0,178.0,130.0,133.0,151.0,108.0,95.0,New Britain
murder,4.0,1.0,1.0,1.0,2.0,3.0,3.0,1.0,5.0,9.0,1.0,New Britain
arson,1.0,2.0,3.0,1.0,2.0,0.0,0.0,7.0,4.0,,2.0,New Britain
robbery,194.0,200.0,146.0,154.0,157.0,143.0,179.0,110.0,110.0,114.0,73.0,New Britain
mv-theft,390.0,570.0,630.0,387.0,404.0,318.0,393.0,236.0,204.0,290.0,463.0,New Britain
burglary,761.0,809.0,788.0,812.0,762.0,881.0,775.0,610.0,553.0,439.0,401.0,New Britain
property,3270.0,3645.0,3514.0,3275.0,3052.0,2967.0,2917.0,2261.0,2118.0,2091.0,2121.0,New Britain
violent-crimes,333,324.0,278.0,294.0,308.0,328.0,317.0,264.0,321.0,275.0,216.0,New Britain
rape,10.0,6.0,11.0,6.0,6.0,4.0,5.0,,55.0,44.0,47.0,New Britain
larceny,147.0,150.0,132.0,121.0,100.0,93.0,114.0,106.0,100.0,124.0,102.0,New Canaan
assault,2.0,0.0,2.0,1.0,1.0,2.0,3.0,0.0,0.0,2.0,2.0,New Canaan
murder,0.0,0.0,0.0,0.0,0.0,0.0,1.0,0.0,0.0,0.0,0.0,New Canaan
arson,0.0,1.0,0.0,0.0,0.0,0.0,0.0,0.0,0.0,0.0,0.0,New Canaan
robbery,0.0,3.0,1.0,0.0,0.0,1.0,2.0,1.0,0.0,0.0,0.0,New Canaan
mv-theft,7.0,3.0,3.0,15.0,2.0,0.0,2.0,5.0,1.0,1.0,5.0,New Canaan
burglary,35.0,29.0,15.0,16.0,32.0,14.0,14.0,12.0,29.0,19.0,24.0,New Canaan
property,189.0,182.0,150.0,152.0,134.0,107.0,130.0,123.0,130.0,144.0,131.0,New Canaan
violent-crimes,3,3.0,4.0,3.0,1.0,4.0,6.0,4.0,1.0,2.0,3.0,New Canaan
rape,1.0,0.0,1.0,2.0,0.0,1.0,0.0,3.0,1.0,0.0,1.0,New Canaan
larceny,643.0,640.0,694.0,676.0,668.0,603.0,636.0,613.0,574.0,669.0,671.0,Newington
assault,0.0,0.0,3.0,2.0,10.0,11.0,5.0,8.0,4.0,2.0,7.0,Newington
murder,0.0,0.0,1.0,1.0,0.0,0.0,1.0,0.0,0.0,0.0,0.0,Newington
arson,2.0,3.0,2.0,2.0,0.0,2.0,4.0,0.0,3.0,2.0,1.0,Newington
robbery,13.0,15.0,15.0,16.0,17.0,12.0,14.0,9.0,14.0,23.0,10.0,Newington
mv-theft,74.0,73.0,65.0,45.0,42.0,46.0,49.0,34.0,48.0,59.0,59.0,Newington
burglary,217.0,333.0,88.0,127.0,104.0,104.0,99.0,78.0,125.0,125.0,60.0,Newington
property,934.0,1046.0,847.0,848.0,814.0,753.0,784.0,725.0,747.0,853.0,790.0,Newington
violent-crimes,24,21.0,24.0,27.0,32.0,26.0,28.0,23.0,23.0,37.0,22.0,Newington
rape,11.0,6.0,5.0,8.0,5.0,3.0,8.0,,5.0,12.0,5.0,Newington
larceny,175.0,218.0,212.0,263.0,325.0,453.0,335.0,286.0,307.0,340.0,256.0,New Milford
assault,13.0,13.0,7.0,8.0,14.0,10.0,11.0,17.0,8.0,12.0,18.0,New Milford
murder,1.0,1.0,0.0,1.0,0.0,0.0,0.0,0.0,0.0,0.0,1.0,New Milford
arson,2.0,2.0,0.0,1.0,3.0,2.0,1.0,5.0,1.0,1.0,4.0,New Milford
robbery,3.0,4.0,1.0,6.0,1.0,5.0,1.0,5.0,7.0,4.0,2.0,New Milford
mv-theft,17.0,22.0,21.0,17.0,13.0,13.0,24.0,13.0,13.0,10.0,13.0,New Milford
burglary,45.0,69.0,73.0,64.0,18.0,8.0,4.0,9.0,6.0,2.0,3.0,New Milford
property,237.0,309.0,306.0,344.0,356.0,474.0,363.0,308.0,326.0,352.0,272.0,New Milford
violent-crimes,21,21.0,12.0,18.0,18.0,18.0,21.0,27.0,17.0,20.0,29.0,New Milford
rape,4.0,3.0,4.0,3.0,3.0,3.0,9.0,5.0,2.0,4.0,8.0,New Milford
larceny,,126.0,202.0,135.0,154.0,130.0,151.0,96.0,101.0,108.0,58.0,Newtown
assault,,3.0,0.0,6.0,10.0,4.0,2.0,0.0,5.0,6.0,2.0,Newtown
murder,,0.0,0.0,0.0,1.0,0.0,0.0,0.0,0.0,0.0,0.0,Newtown
arson,,1.0,1.0,0.0,0.0,2.0,1.0,1.0,0.0,1.0,1.0,Newtown
robbery,,0.0,1.0,1.0,2.0,3.0,0.0,0.0,1.0,1.0,1.0,Newtown
mv-theft,,3.0,5.0,5.0,2.0,5.0,2.0,4.0,6.0,7.0,5.0,Newtown
burglary,,32.0,41.0,42.0,48.0,54.0,32.0,23.0,65.0,35.0,20.0,Newtown
property,,161.0,248.0,182.0,204.0,189.0,185.0,123.0,172.0,150.0,83.0,Newtown
violent-crimes,,7.0,2.0,8.0,16.0,13.0,7.0,2.0,11.0,12.0,3.0,Newtown
rape,,4.0,1.0,1.0,3.0,6.0,5.0,2.0,5.0,5.0,0.0,Newtown
larceny,161.0,161.0,164.0,183.0,206.0,190.0,160.0,144.0,151.0,141.0,97.0,North Branford
assault,15.0,14.0,9.0,3.0,7.0,0.0,2.0,3.0,1.0,0.0,2.0,North Branford
murder,0.0,0.0,0.0,0.0,0.0,0.0,1.0,0.0,0.0,0.0,0.0,North Branford
arson,1.0,2.0,1.0,2.0,0.0,0.0,0.0,1.0,1.0,0.0,0.0,North Branford
robbery,2.0,0.0,2.0,2.0,0.0,1.0,1.0,0.0,0.0,1.0,3.0,North Branford
mv-theft,10.0,2.0,13.0,18.0,23.0,24.0,7.0,12.0,14.0,9.0,9.0,North Branford
burglary,31.0,37.0,37.0,46.0,48.0,33.0,34.0,14.0,26.0,31.0,19.0,North Branford
property,202.0,200.0,214.0,247.0,277.0,247.0,201.0,170.0,191.0,181.0,125.0,North Branford
violent-crimes,18,14.0,14.0,5.0,8.0,1.0,5.0,5.0,3.0,4.0,6.0,North Branford
rape,1.0,0.0,3.0,0.0,1.0,0.0,1.0,2.0,2.0,3.0,1.0,North Branford
larceny,,470.0,483.0,408.0,493.0,483.0,478.0,387.0,449.0,452.0,433.0,North Haven
assault,,7.0,4.0,2.0,7.0,5.0,1.0,4.0,9.0,4.0,14.0,North Haven
murder,,0.0,0.0,1.0,2.0,0.0,0.0,0.0,0.0,0.0,0.0,North Haven
arson,,4.0,1.0,0.0,0.0,0.0,0.0,0.0,1.0,1.0,0.0,North Haven
robbery,,22.0,9.0,9.0,8.0,6.0,11.0,14.0,8.0,4.0,6.0,North Haven
mv-theft,,38.0,42.0,26.0,16.0,28.0,37.0,33.0,33.0,65.0,49.0,North Haven
burglary,,85.0,88.0,93.0,74.0,88.0,63.0,50.0,74.0,53.0,100.0,North Haven
property,,593.0,613.0,527.0,583.0,599.0,578.0,470.0,556.0,570.0,582.0,North Haven
violent-crimes,,30.0,13.0,12.0,17.0,11.0,12.0,22.0,20.0,8.0,22.0,North Haven
rape,,1.0,0.0,0.0,0.0,0.0,0.0,4.0,3.0,0.0,2.0,North Haven
larceny,,1378.0,1426.0,1269.0,1379.0,1443.0,1352.0,1377.0,1285.0,1307.0,1034.0,Norwalk
assault,,207.0,276.0,257.0,196.0,218.0,192.0,164.0,182.0,178.0,211.0,Norwalk
murder,,3.0,2.0,1.0,6.0,3.0,3.0,0.0,3.0,0.0,1.0,Norwalk
arson,,8.0,4.0,8.0,12.0,4.0,4.0,3.0,2.0,5.0,8.0,Norwalk
robbery,,120.0,125.0,157.0,129.0,90.0,68.0,61.0,64.0,41.0,65.0,Norwalk
mv-theft,,210.0,205.0,203.0,176.0,174.0,111.0,106.0,93.0,118.0,154.0,Norwalk
burglary,,284.0,284.0,314.0,323.0,297.0,250.0,245.0,219.0,202.0,239.0,Norwalk
property,,1872.0,1915.0,1786.0,1878.0,1914.0,1713.0,1728.0,1597.0,1627.0,1427.0,Norwalk
violent-crimes,,343.0,415.0,425.0,343.0,326.0,272.0,239.0,258.0,239.0,295.0,Norwalk
rape,,13.0,12.0,10.0,12.0,15.0,9.0,14.0,9.0,20.0,18.0,Norwalk
larceny,754.0,626.0,610.0,797.0,656.0,570.0,639.0,644.0,588.0,432.0,419.0,Norwich
assault,89.0,103.0,100.0,94.0,75.0,61.0,45.0,86.0,114.0,86.0,84.0,Norwich
murder,1.0,0.0,1.0,2.0,2.0,2.0,1.0,1.0,0.0,2.0,1.0,Norwich
arson,5.0,15.0,19.0,6.0,19.0,16.0,15.0,7.0,6.0,6.0,7.0,Norwich
robbery,68.0,47.0,49.0,44.0,46.0,45.0,35.0,29.0,23.0,28.0,21.0,Norwich
mv-theft,87.0,85.0,62.0,67.0,49.0,51.0,50.0,52.0,50.0,39.0,50.0,Norwich
burglary,178.0,242.0,272.0,215.0,266.0,235.0,274.0,306.0,210.0,154.0,152.0,Norwich
property,1019.0,953.0,944.0,1079.0,971.0,856.0,963.0,1002.0,848.0,625.0,621.0,Norwich
violent-crimes,181,170.0,178.0,165.0,144.0,133.0,99.0,130.0,153.0,127.0,121.0,Norwich
rape,23.0,20.0,28.0,25.0,21.0,25.0,18.0,,16.0,11.0,15.0,Norwich
larceny,235.0,220.0,187.0,194.0,,143.0,152.0,98.0,144.0,104.0,114.0,Old Saybrook
assault,0.0,1.0,3.0,4.0,,5.0,9.0,5.0,12.0,11.0,1.0,Old Saybrook
murder,0.0,0.0,0.0,0.0,,0.0,0.0,0.0,0.0,1.0,0.0,Old Saybrook
arson,1.0,0.0,0.0,0.0,,0.0,0.0,1.0,0.0,0.0,0.0,Old Saybrook
robbery,4.0,0.0,1.0,2.0,,1.0,0.0,0.0,0.0,0.0,0.0,Old Saybrook
mv-theft,9.0,1.0,6.0,9.0,,5.0,3.0,3.0,2.0,2.0,1.0,Old Saybrook
burglary,25.0,16.0,24.0,25.0,,21.0,7.0,11.0,8.0,3.0,2.0,Old Saybrook
property,269.0,237.0,217.0,228.0,,169.0,162.0,112.0,154.0,109.0,117.0,Old Saybrook
violent-crimes,4,1.0,4.0,6.0,,8.0,9.0,7.0,12.0,12.0,1.0,Old Saybrook
rape,0.0,0.0,0.0,0.0,,2.0,0.0,2.0,0.0,0.0,0.0,Old Saybrook
larceny,326.0,423.0,420.0,387.0,,329.0,332.0,290.0,301.0,324.0,285.0,Orange
assault,2.0,1.0,1.0,0.0,,0.0,0.0,1.0,2.0,0.0,1.0,Orange
murder,0.0,0.0,0.0,0.0,,0.0,0.0,0.0,1.0,0.0,0.0,Orange
arson,0.0,0.0,0.0,0.0,,0.0,4.0,0.0,1.0,0.0,1.0,Orange
robbery,3.0,7.0,3.0,10.0,,3.0,5.0,9.0,5.0,6.0,6.0,Orange
mv-theft,19.0,14.0,8.0,10.0,,16.0,11.0,14.0,22.0,13.0,18.0,Orange
burglary,51.0,43.0,45.0,50.0,,61.0,33.0,25.0,32.0,55.0,39.0,Orange
property,396.0,480.0,473.0,447.0,,406.0,376.0,329.0,355.0,392.0,342.0,Orange
violent-crimes,6,8.0,4.0,10.0,,4.0,7.0,10.0,9.0,7.0,9.0,Orange
rape,1.0,0.0,0.0,0.0,,1.0,2.0,0.0,1.0,1.0,2.0,Orange
larceny,76.0,60.0,77.0,47.0,24.0,28.0,72.0,87.0,92.0,63.0,35.0,Plainfield
assault,6.0,14.0,10.0,5.0,3.0,4.0,6.0,10.0,11.0,7.0,3.0,Plainfield
murder,0.0,1.0,0.0,0.0,0.0,0.0,0.0,0.0,0.0,0.0,0.0,Plainfield
arson,2.0,0.0,1.0,0.0,0.0,1.0,1.0,4.0,0.0,1.0,0.0,Plainfield
robbery,1.0,2.0,2.0,2.0,1.0,1.0,5.0,3.0,1.0,1.0,4.0,Plainfield
mv-theft,20.0,13.0,17.0,4.0,2.0,4.0,13.0,16.0,4.0,7.0,8.0,Plainfield
burglary,29.0,38.0,36.0,46.0,27.0,18.0,36.0,6.0,5.0,14.0,18.0,Plainfield
property,125.0,111.0,130.0,97.0,53.0,50.0,121.0,109.0,101.0,84.0,61.0,Plainfield
violent-crimes,9,21.0,13.0,7.0,6.0,7.0,14.0,15.0,13.0,18.0,14.0,Plainfield
rape,2.0,4.0,1.0,0.0,2.0,2.0,3.0,2.0,1.0,10.0,7.0,Plainfield
larceny,552.0,495.0,515.0,540.0,512.0,462.0,482.0,396.0,370.0,410.0,419.0,Plainville
assault,10.0,11.0,6.0,3.0,43.0,57.0,40.0,25.0,24.0,27.0,21.0,Plainville
murder,0.0,0.0,0.0,1.0,0.0,0.0,0.0,0.0,0.0,0.0,1.0,Plainville
arson,3.0,2.0,1.0,1.0,0.0,1.0,0.0,1.0,0.0,1.0,2.0,Plainville
robbery,9.0,13.0,11.0,6.0,11.0,5.0,4.0,12.0,7.0,4.0,6.0,Plainville
mv-theft,27.0,32.0,39.0,37.0,25.0,22.0,38.0,16.0,23.0,15.0,26.0,Plainville
burglary,65.0,77.0,83.0,89.0,59.0,57.0,145.0,76.0,84.0,51.0,45.0,Plainville
property,644.0,604.0,637.0,666.0,596.0,541.0,665.0,488.0,477.0,476.0,490.0,Plainville
violent-crimes,19,24.0,17.0,12.0,54.0,64.0,44.0,45.0,39.0,33.0,31.0,Plainville
rape,0.0,0.0,0.0,2.0,0.0,2.0,0.0,,8.0,2.0,3.0,Plainville
larceny,,67.0,62.0,63.0,38.0,59.0,52.0,29.0,40.0,55.0,62.0,Portland
assault,,0.0,2.0,7.0,11.0,5.0,8.0,10.0,3.0,2.0,7.0,Portland
murder,,0.0,0.0,0.0,0.0,0.0,0.0,0.0,0.0,0.0,0.0,Portland
arson,,0.0,0.0,0.0,0.0,1.0,0.0,0.0,0.0,0.0,0.0,Portland
robbery,,4.0,3.0,3.0,1.0,0.0,2.0,0.0,0.0,1.0,2.0,Portland
mv-theft,,3.0,3.0,6.0,11.0,7.0,3.0,5.0,3.0,4.0,6.0,Portland
burglary,,21.0,27.0,13.0,22.0,18.0,21.0,9.0,20.0,13.0,11.0,Portland
property,,91.0,92.0,82.0,71.0,84.0,76.0,43.0,63.0,72.0,79.0,Portland
violent-crimes,,4.0,6.0,10.0,12.0,5.0,10.0,10.0,3.0,3.0,9.0,Portland
rape,,0.0,1.0,0.0,0.0,0.0,0.0,,0.0,0.0,0.0,Portland
larceny,174.0,180.0,146.0,126.0,139.0,127.0,142.0,141.0,125.0,70.0,88.0,Putnam
assault,17.0,13.0,14.0,16.0,24.0,40.0,20.0,19.0,15.0,17.0,18.0,Putnam
murder,0.0,0.0,0.0,0.0,0.0,0.0,0.0,0.0,0.0,0.0,0.0,Putnam
arson,3.0,6.0,2.0,1.0,6.0,2.0,3.0,3.0,1.0,2.0,0.0,Putnam
robbery,4.0,6.0,3.0,5.0,3.0,2.0,3.0,2.0,8.0,5.0,3.0,Putnam
mv-theft,9.0,8.0,10.0,8.0,5.0,6.0,7.0,7.0,8.0,1.0,5.0,Putnam
burglary,47.0,29.0,27.0,33.0,32.0,32.0,51.0,29.0,31.0,22.0,19.0,Putnam
property,230.0,217.0,183.0,167.0,176.0,165.0,200.0,177.0,164.0,93.0,112.0,Putnam
violent-crimes,23,22.0,24.0,28.0,30.0,45.0,29.0,26.0,29.0,25.0,25.0,Putnam
rape,2.0,3.0,7.0,7.0,3.0,3.0,6.0,5.0,6.0,3.0,4.0,Putnam
larceny,53.0,34.0,44.0,38.0,59.0,52.0,47.0,32.0,27.0,48.0,26.0,Redding
assault,1.0,0.0,0.0,1.0,0.0,2.0,0.0,2.0,4.0,0.0,1.0,Redding
murder,0.0,0.0,0.0,0.0,0.0,0.0,0.0,0.0,0.0,0.0,0.0,Redding
arson,2.0,2.0,0.0,0.0,0.0,0.0,0.0,0.0,0.0,0.0,0.0,Redding
robbery,0.0,0.0,0.0,0.0,0.0,1.0,0.0,0.0,0.0,0.0,0.0,Redding
mv-theft,0.0,2.0,0.0,1.0,1.0,0.0,4.0,0.0,1.0,1.0,1.0,Redding
burglary,6.0,13.0,7.0,9.0,15.0,7.0,8.0,13.0,13.0,15.0,11.0,Redding
property,59.0,49.0,51.0,48.0,75.0,59.0,59.0,45.0,41.0,64.0,38.0,Redding
violent-crimes,1,1.0,0.0,1.0,0.0,3.0,0.0,2.0,4.0,0.0,1.0,Redding
rape,0.0,1.0,0.0,0.0,0.0,0.0,0.0,0.0,0.0,0.0,0.0,Redding
larceny,72.0,76.0,67.0,60.0,77.0,55.0,77.0,69.0,61.0,90.0,63.0,Ridgefield
assault,0.0,2.0,2.0,4.0,3.0,0.0,0.0,0.0,1.0,1.0,2.0,Ridgefield
murder,0.0,0.0,0.0,0.0,0.0,0.0,0.0,0.0,0.0,0.0,0.0,Ridgefield
arson,1.0,0.0,4.0,0.0,0.0,0.0,1.0,0.0,0.0,0.0,0.0,Ridgefield
robbery,1.0,1.0,1.0,0.0,0.0,0.0,1.0,0.0,0.0,1.0,0.0,Ridgefield
mv-theft,1.0,2.0,0.0,0.0,1.0,0.0,1.0,0.0,1.0,1.0,2.0,Ridgefield
burglary,10.0,15.0,16.0,7.0,6.0,12.0,10.0,7.0,3.0,14.0,7.0,Ridgefield
property,83.0,93.0,83.0,67.0,84.0,67.0,88.0,76.0,65.0,105.0,72.0,Ridgefield
violent-crimes,2,3.0,3.0,4.0,3.0,0.0,1.0,0.0,1.0,2.0,2.0,Ridgefield
rape,1.0,0.0,0.0,0.0,0.0,0.0,0.0,0.0,0.0,0.0,0.0,Ridgefield
larceny,,257.0,220.0,248.0,238.0,236.0,234.0,256.0,314.0,310.0,239.0,Rocky Hill
assault,,12.0,0.0,3.0,2.0,2.0,0.0,1.0,0.0,0.0,1.0,Rocky Hill
murder,,0.0,0.0,0.0,0.0,0.0,0.0,0.0,0.0,0.0,0.0,Rocky Hill
arson,,0.0,0.0,2.0,2.0,0.0,0.0,0.0,0.0,1.0,1.0,Rocky Hill
robbery,,5.0,3.0,7.0,4.0,3.0,1.0,7.0,2.0,3.0,4.0,Rocky Hill
mv-theft,,30.0,16.0,11.0,17.0,2.0,9.0,15.0,14.0,12.0,22.0,Rocky Hill
burglary,,32.0,25.0,48.0,34.0,28.0,33.0,27.0,49.0,27.0,28.0,Rocky Hill
property,,319.0,261.0,307.0,289.0,266.0,276.0,298.0,377.0,349.0,289.0,Rocky Hill
violent-crimes,,17.0,7.0,11.0,10.0,6.0,3.0,9.0,2.0,3.0,9.0,Rocky Hill
rape,,0.0,4.0,1.0,4.0,1.0,2.0,,0.0,0.0,4.0,Rocky Hill
larceny,165.0,161.0,174.0,149.0,124.0,162.0,106.0,146.0,98.0,123.0,119.0,Seymour
assault,21.0,36.0,18.0,7.0,14.0,9.0,6.0,6.0,4.0,5.0,4.0,Seymour
murder,0.0,0.0,0.0,0.0,0.0,0.0,0.0,0.0,0.0,0.0,0.0,Seymour
arson,4.0,0.0,0.0,0.0,2.0,3.0,1.0,0.0,1.0,2.0,1.0,Seymour
robbery,5.0,1.0,4.0,3.0,3.0,4.0,2.0,6.0,5.0,6.0,1.0,Seymour
mv-theft,18.0,15.0,17.0,10.0,19.0,8.0,10.0,17.0,13.0,20.0,17.0,Seymour
burglary,51.0,48.0,31.0,66.0,46.0,59.0,45.0,69.0,47.0,20.0,42.0,Seymour
property,234.0,224.0,222.0,225.0,189.0,229.0,161.0,232.0,158.0,163.0,178.0,Seymour
violent-crimes,31,45.0,35.0,17.0,20.0,15.0,10.0,16.0,13.0,12.0,7.0,Seymour
rape,5.0,8.0,13.0,7.0,3.0,2.0,2.0,4.0,4.0,1.0,2.0,Seymour
larceny,299.0,363.0,395.0,346.0,333.0,349.0,265.0,296.0,266.0,308.0,252.0,Shelton
assault,7.0,8.0,9.0,11.0,12.0,15.0,3.0,8.0,4.0,10.0,9.0,Shelton
murder,0.0,0.0,0.0,0.0,0.0,0.0,0.0,0.0,1.0,1.0,0.0,Shelton
arson,1.0,1.0,1.0,0.0,2.0,0.0,0.0,0.0,0.0,1.0,0.0,Shelton
robbery,11.0,12.0,7.0,18.0,11.0,10.0,12.0,7.0,15.0,12.0,15.0,Shelton
mv-theft,62.0,58.0,52.0,52.0,40.0,44.0,33.0,40.0,25.0,30.0,49.0,Shelton
burglary,88.0,100.0,116.0,97.0,115.0,131.0,134.0,111.0,97.0,87.0,134.0,Shelton
property,449.0,521.0,563.0,495.0,488.0,524.0,432.0,447.0,388.0,425.0,435.0,Shelton
violent-crimes,20,24.0,19.0,31.0,28.0,27.0,22.0,18.0,23.0,31.0,28.0,Shelton
rape,2.0,4.0,3.0,2.0,5.0,2.0,7.0,3.0,3.0,8.0,4.0,Shelton
larceny,123.0,186.0,191.0,156.0,154.0,156.0,147.0,128.0,109.0,109.0,116.0,Simsbury
assault,1.0,3.0,1.0,2.0,2.0,3.0,4.0,2.0,3.0,1.0,2.0,Simsbury
murder,0.0,0.0,0.0,0.0,0.0,0.0,1.0,0.0,1.0,0.0,0.0,Simsbury
arson,2.0,4.0,1.0,0.0,0.0,2.0,0.0,0.0,0.0,0.0,2.0,Simsbury
robbery,4.0,3.0,1.0,1.0,3.0,2.0,2.0,2.0,1.0,1.0,3.0,Simsbury
mv-theft,4.0,24.0,5.0,9.0,6.0,5.0,4.0,6.0,11.0,10.0,8.0,Simsbury
burglary,16.0,31.0,31.0,36.0,20.0,20.0,25.0,24.0,33.0,12.0,42.0,Simsbury
property,143.0,241.0,227.0,201.0,180.0,181.0,176.0,158.0,153.0,131.0,166.0,Simsbury
violent-crimes,5,6.0,4.0,3.0,6.0,6.0,7.0,6.0,6.0,3.0,7.0,Simsbury
rape,0.0,0.0,2.0,0.0,1.0,1.0,0.0,2.0,1.0,1.0,2.0,Simsbury
larceny,,648.0,645.0,612.0,558.0,620.0,585.0,614.0,650.0,549.0,770.0,Southington
assault,,19.0,5.0,8.0,9.0,6.0,11.0,7.0,7.0,8.0,6.0,Southington
murder,,0.0,0.0,0.0,0.0,1.0,1.0,0.0,0.0,0.0,0.0,Southington
arson,,11.0,12.0,9.0,6.0,4.0,7.0,8.0,4.0,2.0,2.0,Southington
robbery,,18.0,5.0,11.0,12.0,13.0,11.0,15.0,14.0,7.0,20.0,Southington
mv-theft,,50.0,49.0,40.0,51.0,26.0,36.0,42.0,35.0,39.0,67.0,Southington
burglary,,166.0,238.0,107.0,124.0,124.0,130.0,139.0,121.0,135.0,105.0,Southington
property,,864.0,932.0,759.0,733.0,770.0,751.0,795.0,806.0,723.0,942.0,Southington
violent-crimes,,52.0,17.0,23.0,26.0,29.0,28.0,34.0,33.0,22.0,41.0,Southington
rape,,15.0,7.0,4.0,5.0,9.0,5.0,12.0,12.0,7.0,15.0,Southington
larceny,322.0,413.0,358.0,353.0,337.0,335.0,307.0,316.0,276.0,236.0,271.0,South Windsor
assault,6.0,12.0,4.0,4.0,2.0,5.0,4.0,3.0,1.0,10.0,1.0,South Windsor
murder,0.0,1.0,0.0,0.0,0.0,0.0,0.0,0.0,0.0,0.0,0.0,South Windsor
arson,0.0,0.0,0.0,1.0,0.0,0.0,0.0,0.0,24.0,11.0,108.0,South Windsor
robbery,5.0,5.0,7.0,2.0,1.0,4.0,2.0,6.0,3.0,3.0,1.0,South Windsor
mv-theft,19.0,15.0,19.0,14.0,15.0,13.0,17.0,10.0,15.0,11.0,26.0,South Windsor
burglary,82.0,88.0,53.0,62.0,56.0,78.0,48.0,61.0,60.0,37.0,58.0,South Windsor
property,423.0,516.0,430.0,429.0,408.0,426.0,372.0,387.0,351.0,284.0,355.0,South Windsor
violent-crimes,15,23.0,14.0,9.0,4.0,16.0,9.0,13.0,9.0,17.0,4.0,South Windsor
rape,4.0,5.0,3.0,3.0,1.0,7.0,3.0,,5.0,4.0,2.0,South Windsor
larceny,,1316.0,1590.0,1600.0,1429.0,1498.0,1472.0,1435.0,1554.0,1509.0,1613.0,Stamford
assault,,171.0,186.0,169.0,178.0,161.0,176.0,145.0,137.0,171.0,201.0,Stamford
murder,,3.0,5.0,2.0,2.0,6.0,5.0,1.0,2.0,3.0,2.0,Stamford
arson,,11.0,8.0,8.0,10.0,4.0,10.0,5.0,15.0,4.0,4.0,Stamford
robbery,,129.0,172.0,151.0,152.0,190.0,145.0,160.0,146.0,92.0,119.0,Stamford
mv-theft,,234.0,216.0,173.0,192.0,207.0,170.0,149.0,204.0,160.0,192.0,Stamford
burglary,,332.0,325.0,370.0,348.0,282.0,290.0,354.0,275.0,200.0,268.0,Stamford
property,,1882.0,2131.0,2143.0,1969.0,1987.0,1932.0,1938.0,2033.0,1869.0,2073.0,Stamford
violent-crimes,,336.0,390.0,353.0,351.0,389.0,351.0,334.0,306.0,285.0,351.0,Stamford
rape,,33.0,27.0,31.0,19.0,32.0,25.0,28.0,21.0,19.0,29.0,Stamford
larceny,284.0,335.0,307.0,223.0,222.0,255.0,257.0,300.0,264.0,222.0,189.0,Stonington
assault,1.0,3.0,5.0,3.0,2.0,4.0,7.0,4.0,9.0,10.0,10.0,Stonington
murder,0.0,0.0,1.0,0.0,0.0,0.0,0.0,0.0,0.0,0.0,0.0,Stonington
arson,0.0,0.0,0.0,0.0,0.0,0.0,1.0,1.0,2.0,1.0,0.0,Stonington
robbery,5.0,0.0,1.0,4.0,5.0,3.0,1.0,2.0,6.0,8.0,1.0,Stonington
mv-theft,7.0,0.0,3.0,7.0,4.0,5.0,7.0,8.0,5.0,4.0,8.0,Stonington
burglary,34.0,6.0,19.0,28.0,41.0,52.0,66.0,92.0,46.0,42.0,55.0,Stonington
property,325.0,341.0,329.0,258.0,267.0,312.0,330.0,400.0,315.0,268.0,252.0,Stonington
violent-crimes,6,3.0,7.0,11.0,8.0,12.0,11.0,10.0,16.0,19.0,13.0,Stonington
rape,0.0,0.0,0.0,4.0,1.0,5.0,3.0,4.0,1.0,1.0,2.0,Stonington
larceny,1070.0,1128.0,1159.0,1057.0,1004.0,1104.0,1070.0,1042.0,961.0,829.0,867.0,Stratford
assault,35.0,55.0,79.0,77.0,89.0,77.0,61.0,25.0,12.0,26.0,27.0,Stratford
murder,0.0,0.0,2.0,0.0,1.0,1.0,0.0,0.0,0.0,0.0,0.0,Stratford
arson,2.0,2.0,20.0,8.0,8.0,7.0,9.0,2.0,4.0,6.0,4.0,Stratford
robbery,58.0,58.0,59.0,74.0,43.0,59.0,28.0,41.0,45.0,31.0,34.0,Stratford
mv-theft,262.0,202.0,181.0,153.0,120.0,128.0,98.0,136.0,125.0,165.0,116.0,Stratford
burglary,209.0,209.0,208.0,215.0,188.0,309.0,245.0,251.0,224.0,181.0,177.0,Stratford
property,1541.0,1539.0,1548.0,1425.0,1312.0,1541.0,1413.0,1429.0,1310.0,1175.0,1160.0,Stratford
violent-crimes,98,116.0,144.0,162.0,148.0,146.0,104.0,74.0,64.0,69.0,67.0,Stratford
rape,5.0,3.0,4.0,11.0,15.0,9.0,15.0,8.0,7.0,12.0,6.0,Stratford
larceny,,107.0,70.0,63.0,66.0,58.0,105.0,66.0,53.0,65.0,65.0,Suffield
assault,,1.0,6.0,5.0,2.0,2.0,3.0,2.0,4.0,1.0,6.0,Suffield
murder,,0.0,0.0,0.0,0.0,0.0,0.0,0.0,0.0,0.0,0.0,Suffield
arson,,0.0,0.0,0.0,0.0,2.0,0.0,0.0,0.0,0.0,1.0,Suffield
robbery,,1.0,2.0,7.0,0.0,0.0,0.0,0.0,4.0,0.0,1.0,Suffield
mv-theft,,8.0,8.0,11.0,5.0,4.0,1.0,6.0,4.0,8.0,8.0,Suffield
burglary,,72.0,46.0,88.0,50.0,33.0,25.0,26.0,18.0,22.0,23.0,Suffield
property,,187.0,124.0,162.0,121.0,95.0,131.0,98.0,75.0,95.0,96.0,Suffield
violent-crimes,,2.0,9.0,13.0,2.0,2.0,4.0,6.0,8.0,1.0,9.0,Suffield
rape,,0.0,1.0,1.0,0.0,0.0,1.0,4.0,0.0,0.0,2.0,Suffield
larceny,,485.0,540.0,618.0,703.0,584.0,711.0,728.0,506.0,531.0,482.0,Torrington
assault,,31.0,31.0,48.0,21.0,30.0,22.0,33.0,31.0,20.0,41.0,Torrington
murder,,0.0,1.0,0.0,0.0,0.0,0.0,0.0,2.0,1.0,0.0,Torrington
arson,,9.0,7.0,0.0,2.0,5.0,4.0,1.0,3.0,4.0,3.0,Torrington
robbery,,12.0,11.0,8.0,10.0,14.0,11.0,11.0,7.0,15.0,16.0,Torrington
mv-theft,,35.0,38.0,28.0,19.0,21.0,20.0,34.0,22.0,29.0,17.0,Torrington
burglary,,120.0,156.0,119.0,140.0,146.0,111.0,94.0,101.0,108.0,77.0,Torrington
property,,640.0,734.0,765.0,862.0,751.0,842.0,856.0,629.0,668.0,576.0,Torrington
violent-crimes,,53.0,54.0,70.0,51.0,61.0,51.0,59.0,44.0,47.0,62.0,Torrington
rape,,10.0,11.0,14.0,20.0,17.0,18.0,15.0,4.0,11.0,5.0,Torrington
larceny,436.0,537.0,637.0,610.0,609.0,598.0,449.0,433.0,492.0,744.0,796.0,Trumbull
assault,2.0,5.0,6.0,5.0,10.0,6.0,3.0,0.0,7.0,9.0,8.0,Trumbull
murder,0.0,0.0,0.0,0.0,0.0,0.0,0.0,0.0,0.0,0.0,0.0,Trumbull
arson,0.0,0.0,0.0,1.0,0.0,1.0,0.0,0.0,1.0,1.0,1.0,Trumbull
robbery,9.0,14.0,15.0,13.0,8.0,14.0,11.0,9.0,16.0,17.0,23.0,Trumbull
mv-theft,48.0,54.0,44.0,80.0,35.0,23.0,30.0,31.0,27.0,24.0,23.0,Trumbull
burglary,62.0,43.0,61.0,108.0,51.0,69.0,52.0,84.0,76.0,82.0,77.0,Trumbull
property,546.0,634.0,742.0,798.0,695.0,690.0,531.0,548.0,595.0,850.0,896.0,Trumbull
violent-crimes,14,22.0,21.0,23.0,21.0,20.0,14.0,9.0,29.0,32.0,42.0,Trumbull
rape,3.0,3.0,0.0,5.0,3.0,0.0,0.0,0.0,6.0,6.0,11.0,Trumbull
larceny,,206.0,235.0,244.0,190.0,206.0,237.0,186.0,200.0,273.0,256.0,Vernon
assault,,35.0,12.0,16.0,12.0,15.0,34.0,26.0,12.0,15.0,12.0,Vernon
murder,,2.0,0.0,1.0,0.0,0.0,0.0,0.0,0.0,0.0,1.0,Vernon
arson,,5.0,1.0,7.0,12.0,1.0,2.0,3.0,2.0,1.0,1.0,Vernon
robbery,,20.0,10.0,9.0,11.0,8.0,7.0,13.0,11.0,11.0,6.0,Vernon
mv-theft,,38.0,28.0,27.0,18.0,33.0,9.0,16.0,32.0,31.0,32.0,Vernon
burglary,,87.0,68.0,105.0,66.0,67.0,65.0,64.0,99.0,55.0,51.0,Vernon
property,,331.0,331.0,376.0,274.0,306.0,311.0,266.0,331.0,359.0,339.0,Vernon
violent-crimes,,61.0,27.0,31.0,28.0,30.0,46.0,47.0,33.0,29.0,20.0,Vernon
rape,,4.0,5.0,5.0,5.0,7.0,5.0,8.0,10.0,3.0,1.0,Vernon
larceny,732.0,660.0,636.0,646.0,646.0,691.0,728.0,531.0,490.0,432.0,446.0,Wallingford
assault,12.0,14.0,13.0,11.0,12.0,9.0,3.0,4.0,16.0,20.0,16.0,Wallingford
murder,0.0,0.0,0.0,0.0,0.0,2.0,0.0,1.0,0.0,0.0,2.0,Wallingford
arson,4.0,5.0,2.0,5.0,2.0,3.0,2.0,0.0,1.0,1.0,0.0,Wallingford
robbery,18.0,7.0,4.0,4.0,15.0,15.0,10.0,7.0,6.0,15.0,4.0,Wallingford
mv-theft,55.0,50.0,35.0,39.0,29.0,36.0,25.0,27.0,23.0,20.0,25.0,Wallingford
burglary,115.0,119.0,131.0,90.0,101.0,126.0,161.0,77.0,95.0,145.0,170.0,Wallingford
property,902.0,829.0,802.0,775.0,776.0,853.0,914.0,635.0,608.0,597.0,641.0,Wallingford
violent-crimes,37,33.0,23.0,22.0,31.0,28.0,15.0,17.0,23.0,40.0,24.0,Wallingford
rape,7.0,12.0,6.0,7.0,4.0,2.0,2.0,5.0,1.0,5.0,2.0,Wallingford
larceny,4374.0,4299.0,4575.0,4422.0,3441.0,3326.0,3538.0,3381.0,3422.0,3193.0,2711.0,Waterbury
assault,146.0,167.0,190.0,180.0,179.0,160.0,131.0,161.0,147.0,174.0,295.0,Waterbury
murder,7.0,3.0,5.0,6.0,5.0,7.0,5.0,5.0,7.0,4.0,10.0,Waterbury
arson,20.0,2.0,0.0,0.0,3.0,3.0,8.0,2.0,8.0,14.0,24.0,Waterbury
robbery,216.0,202.0,170.0,174.0,176.0,183.0,185.0,242.0,220.0,257.0,216.0,Waterbury
mv-theft,620.0,532.0,432.0,464.0,424.0,427.0,513.0,689.0,709.0,809.0,733.0,Waterbury
burglary,1045.0,872.0,651.0,749.0,781.0,818.0,662.0,566.0,460.0,522.0,755.0,Waterbury
property,6039.0,5703.0,5658.0,5635.0,4646.0,4571.0,4713.0,4636.0,4591.0,4524.0,4199.0,Waterbury
violent-crimes,408,390.0,384.0,375.0,366.0,359.0,328.0,410.0,408.0,467.0,550.0,Waterbury
rape,39.0,18.0,19.0,15.0,6.0,9.0,7.0,,34.0,32.0,29.0,Waterbury
larceny,453.0,487.0,432.0,542.0,435.0,434.0,451.0,421.0,389.0,360.0,377.0,Waterford
assault,24.0,26.0,48.0,38.0,39.0,50.0,38.0,35.0,46.0,40.0,24.0,Waterford
murder,0.0,0.0,0.0,0.0,0.0,0.0,1.0,0.0,0.0,0.0,0.0,Waterford
arson,3.0,0.0,1.0,0.0,3.0,0.0,0.0,0.0,2.0,0.0,1.0,Waterford
robbery,10.0,7.0,6.0,10.0,5.0,1.0,6.0,6.0,10.0,8.0,7.0,Waterford
mv-theft,14.0,16.0,14.0,9.0,4.0,5.0,9.0,7.0,4.0,14.0,20.0,Waterford
burglary,45.0,54.0,50.0,51.0,57.0,46.0,55.0,72.0,37.0,29.0,41.0,Waterford
property,512.0,557.0,496.0,602.0,496.0,485.0,515.0,500.0,430.0,403.0,438.0,Waterford
violent-crimes,37,37.0,58.0,51.0,48.0,52.0,45.0,41.0,65.0,56.0,40.0,Waterford
rape,3.0,4.0,4.0,3.0,4.0,1.0,0.0,0.0,9.0,8.0,9.0,Waterford
larceny,317.0,289.0,282.0,288.0,313.0,337.0,412.0,298.0,389.0,357.0,328.0,Watertown
assault,15.0,38.0,41.0,25.0,23.0,27.0,16.0,25.0,20.0,15.0,8.0,Watertown
murder,0.0,0.0,0.0,0.0,0.0,0.0,2.0,0.0,0.0,0.0,0.0,Watertown
arson,0.0,0.0,1.0,0.0,0.0,0.0,0.0,0.0,0.0,0.0,0.0,Watertown
robbery,0.0,7.0,4.0,5.0,3.0,7.0,3.0,3.0,7.0,6.0,12.0,Watertown
mv-theft,24.0,27.0,9.0,8.0,15.0,23.0,22.0,43.0,18.0,24.0,32.0,Watertown
burglary,94.0,44.0,62.0,65.0,71.0,88.0,86.0,60.0,72.0,72.0,75.0,Watertown
property,435.0,360.0,353.0,361.0,399.0,448.0,520.0,401.0,479.0,453.0,435.0,Watertown
violent-crimes,16,45.0,49.0,36.0,29.0,37.0,25.0,32.0,31.0,24.0,21.0,Watertown
rape,1.0,0.0,4.0,6.0,3.0,3.0,4.0,4.0,4.0,3.0,1.0,Watertown
larceny,1157.0,1063.0,1211.0,1323.0,1190.0,1180.0,1348.0,1120.0,1129.0,1206.0,1351.0,West Hartford
assault,50.0,27.0,38.0,37.0,14.0,17.0,9.0,8.0,10.0,8.0,0.0,West Hartford
murder,0.0,1.0,0.0,1.0,1.0,1.0,0.0,0.0,1.0,0.0,0.0,West Hartford
arson,0.0,1.0,3.0,2.0,0.0,1.0,2.0,0.0,0.0,0.0,2.0,West Hartford
robbery,59.0,53.0,62.0,40.0,44.0,46.0,35.0,35.0,37.0,45.0,38.0,West Hartford
mv-theft,102.0,164.0,175.0,93.0,64.0,106.0,104.0,83.0,66.0,112.0,107.0,West Hartford
burglary,279.0,241.0,254.0,292.0,210.0,231.0,243.0,176.0,200.0,156.0,131.0,West Hartford
property,1538.0,1468.0,1640.0,1708.0,1464.0,1517.0,1695.0,1379.0,1395.0,1474.0,1589.0,West Hartford
violent-crimes,110,83.0,104.0,84.0,61.0,68.0,46.0,45.0,49.0,55.0,40.0,West Hartford
rape,1.0,2.0,4.0,6.0,2.0,4.0,2.0,2.0,1.0,2.0,2.0,West Hartford
larceny,1284.0,1352.0,1166.0,1092.0,995.0,880.0,1076.0,1095.0,987.0,650.0,795.0,West Haven
assault,115.0,156.0,323.0,322.0,367.0,200.0,259.0,220.0,101.0,27.0,70.0,West Haven
murder,1.0,1.0,0.0,1.0,4.0,1.0,1.0,2.0,0.0,1.0,2.0,West Haven
arson,13.0,5.0,6.0,12.0,9.0,4.0,1.0,0.0,1.0,3.0,4.0,West Haven
robbery,58.0,68.0,60.0,57.0,56.0,44.0,58.0,68.0,44.0,33.0,48.0,West Haven
mv-theft,264.0,271.0,186.0,199.0,197.0,182.0,174.0,243.0,244.0,99.0,119.0,West Haven
burglary,233.0,233.0,235.0,241.0,208.0,203.0,197.0,178.0,289.0,118.0,128.0,West Haven
property,1781.0,1856.0,1587.0,1532.0,1400.0,1265.0,1447.0,1516.0,1520.0,867.0,1042.0,West Haven
violent-crimes,175,226.0,383.0,380.0,428.0,245.0,319.0,290.0,145.0,68.0,135.0,West Haven
rape,1.0,1.0,0.0,0.0,1.0,0.0,1.0,,0.0,7.0,15.0,West Haven
larceny,51.0,48.0,63.0,53.0,58.0,44.0,30.0,24.0,27.0,20.0,14.0,Weston
assault,1.0,1.0,1.0,2.0,0.0,1.0,3.0,0.0,2.0,0.0,0.0,Weston
murder,0.0,0.0,0.0,0.0,0.0,0.0,0.0,0.0,0.0,0.0,0.0,Weston
arson,2.0,0.0,2.0,1.0,1.0,1.0,0.0,0.0,0.0,0.0,0.0,Weston
robbery,0.0,0.0,0.0,0.0,0.0,0.0,0.0,0.0,0.0,0.0,0.0,Weston
mv-theft,1.0,0.0,1.0,2.0,3.0,1.0,0.0,0.0,0.0,1.0,0.0,Weston
burglary,8.0,4.0,8.0,6.0,7.0,9.0,11.0,13.0,6.0,3.0,1.0,Weston
property,60.0,52.0,72.0,61.0,68.0,54.0,41.0,37.0,33.0,24.0,15.0,Weston
violent-crimes,1,1.0,1.0,2.0,1.0,1.0,3.0,1.0,2.0,0.0,0.0,Weston
rape,0.0,0.0,0.0,0.0,1.0,0.0,0.0,1.0,0.0,0.0,0.0,Weston
larceny,249.0,281.0,348.0,270.0,299.0,301.0,271.0,198.0,286.0,229.0,187.0,Westport
assault,8.0,10.0,22.0,15.0,7.0,11.0,9.0,1.0,4.0,5.0,5.0,Westport
murder,0.0,0.0,0.0,0.0,0.0,1.0,0.0,0.0,0.0,0.0,0.0,Westport
arson,1.0,0.0,3.0,2.0,0.0,0.0,0.0,0.0,1.0,0.0,1.0,Westport
robbery,3.0,7.0,4.0,7.0,5.0,5.0,2.0,1.0,4.0,1.0,1.0,Westport
mv-theft,11.0,13.0,15.0,11.0,16.0,14.0,7.0,11.0,7.0,10.0,22.0,Westport
burglary,59.0,58.0,72.0,56.0,78.0,89.0,40.0,47.0,51.0,37.0,39.0,Westport
property,319.0,352.0,435.0,337.0,393.0,404.0,318.0,256.0,344.0,276.0,248.0,Westport
violent-crimes,12,17.0,28.0,23.0,14.0,20.0,11.0,2.0,8.0,6.0,7.0,Westport
rape,1.0,0.0,2.0,1.0,2.0,3.0,0.0,0.0,0.0,0.0,1.0,Westport
larceny,468.0,462.0,384.0,369.0,378.0,291.0,328.0,313.0,273.0,195.0,,Wethersfield
assault,12.0,13.0,13.0,7.0,13.0,7.0,11.0,8.0,4.0,16.0,,Wethersfield
murder,0.0,1.0,0.0,0.0,0.0,0.0,0.0,0.0,1.0,0.0,,Wethersfield
arson,2.0,0.0,2.0,1.0,7.0,0.0,1.0,0.0,1.0,1.0,,Wethersfield
robbery,17.0,12.0,19.0,8.0,10.0,6.0,11.0,6.0,9.0,13.0,,Wethersfield
mv-theft,65.0,53.0,38.0,33.0,20.0,17.0,20.0,28.0,34.0,34.0,,Wethersfield
burglary,68.0,65.0,63.0,74.0,81.0,58.0,62.0,44.0,65.0,95.0,,Wethersfield
property,601.0,580.0,485.0,476.0,479.0,366.0,410.0,385.0,372.0,324.0,,Wethersfield
violent-crimes,34,29.0,36.0,20.0,24.0,22.0,23.0,17.0,17.0,32.0,,Wethersfield
rape,5.0,3.0,4.0,5.0,1.0,9.0,1.0,3.0,3.0,3.0,,Wethersfield
larceny,,277.0,365.0,365.0,331.0,301.0,276.0,251.0,209.0,175.0,166.0,Willimantic
assault,,9.0,20.0,28.0,25.0,15.0,13.0,14.0,15.0,12.0,7.0,Willimantic
murder,,0.0,0.0,0.0,0.0,1.0,0.0,0.0,0.0,0.0,0.0,Willimantic
arson,,0.0,1.0,2.0,0.0,2.0,4.0,1.0,1.0,1.0,2.0,Willimantic
robbery,,34.0,31.0,31.0,17.0,14.0,13.0,14.0,19.0,13.0,12.0,Willimantic
mv-theft,,71.0,43.0,37.0,46.0,29.0,53.0,52.0,36.0,23.0,19.0,Willimantic
burglary,,144.0,116.0,124.0,93.0,61.0,104.0,58.0,56.0,58.0,47.0,Willimantic
property,,492.0,524.0,526.0,470.0,391.0,433.0,361.0,301.0,256.0,232.0,Willimantic
violent-crimes,,51.0,57.0,65.0,51.0,31.0,27.0,33.0,38.0,25.0,24.0,Willimantic
rape,,8.0,6.0,6.0,9.0,1.0,1.0,5.0,4.0,0.0,5.0,Willimantic
larceny,123.0,102.0,89.0,87.0,76.0,98.0,75.0,81.0,46.0,56.0,50.0,Wilton
assault,0.0,5.0,1.0,1.0,0.0,2.0,1.0,0.0,1.0,1.0,0.0,Wilton
murder,0.0,0.0,0.0,0.0,0.0,0.0,1.0,0.0,0.0,0.0,0.0,Wilton
arson,0.0,0.0,1.0,0.0,0.0,0.0,0.0,0.0,0.0,0.0,0.0,Wilton
robbery,1.0,6.0,2.0,2.0,0.0,0.0,0.0,0.0,0.0,0.0,0.0,Wilton
mv-theft,4.0,2.0,1.0,2.0,0.0,1.0,1.0,6.0,2.0,2.0,6.0,Wilton
burglary,17.0,16.0,19.0,15.0,20.0,17.0,17.0,26.0,13.0,17.0,15.0,Wilton
property,144.0,120.0,109.0,104.0,96.0,116.0,93.0,113.0,61.0,75.0,71.0,Wilton
violent-crimes,1,11.0,3.0,3.0,0.0,2.0,2.0,0.0,1.0,1.0,1.0,Wilton
rape,0.0,0.0,0.0,0.0,0.0,0.0,0.0,0.0,0.0,0.0,1.0,Wilton
larceny,161.0,158.0,167.0,146.0,138.0,150.0,161.0,150.0,114.0,190.0,138.0,Winchester
assault,14.0,7.0,10.0,16.0,16.0,6.0,9.0,11.0,8.0,3.0,1.0,Winchester
murder,0.0,0.0,0.0,0.0,0.0,0.0,0.0,0.0,0.0,0.0,0.0,Winchester
arson,5.0,5.0,2.0,1.0,2.0,4.0,1.0,1.0,0.0,2.0,0.0,Winchester
robbery,1.0,3.0,2.0,3.0,3.0,1.0,4.0,0.0,0.0,0.0,4.0,Winchester
mv-theft,16.0,22.0,8.0,8.0,13.0,8.0,11.0,6.0,15.0,10.0,7.0,Winchester
burglary,71.0,61.0,76.0,60.0,68.0,65.0,81.0,36.0,31.0,55.0,47.0,Winchester
property,248.0,241.0,251.0,214.0,219.0,223.0,253.0,192.0,160.0,255.0,192.0,Winchester
violent-crimes,21,13.0,15.0,23.0,22.0,11.0,15.0,14.0,8.0,6.0,7.0,Winchester
rape,6.0,3.0,3.0,4.0,3.0,4.0,2.0,3.0,0.0,3.0,2.0,Winchester
larceny,424.0,486.0,489.0,464.0,406.0,391.0,361.0,353.0,384.0,371.0,441.0,Windsor
assault,13.0,11.0,4.0,3.0,11.0,6.0,4.0,7.0,5.0,8.0,14.0,Windsor
murder,0.0,1.0,1.0,0.0,1.0,0.0,0.0,1.0,1.0,0.0,0.0,Windsor
arson,1.0,1.0,3.0,0.0,6.0,2.0,0.0,1.0,1.0,1.0,0.0,Windsor
robbery,5.0,9.0,13.0,6.0,8.0,7.0,7.0,14.0,14.0,9.0,8.0,Windsor
mv-theft,35.0,45.0,62.0,28.0,25.0,17.0,13.0,18.0,17.0,38.0,48.0,Windsor
burglary,49.0,45.0,59.0,86.0,69.0,58.0,55.0,48.0,59.0,44.0,54.0,Windsor
property,508.0,576.0,610.0,578.0,500.0,466.0,429.0,419.0,460.0,453.0,543.0,Windsor
violent-crimes,20,24.0,24.0,16.0,23.0,22.0,15.0,25.0,22.0,19.0,29.0,Windsor
rape,2.0,3.0,6.0,7.0,3.0,9.0,4.0,3.0,2.0,2.0,7.0,Windsor
larceny,219.0,142.0,162.0,205.0,,158.0,166.0,175.0,169.0,150.0,132.0,Windsor Locks
assault,2.0,14.0,4.0,5.0,,8.0,4.0,4.0,2.0,2.0,5.0,Windsor Locks
murder,0.0,0.0,0.0,1.0,,0.0,0.0,0.0,1.0,0.0,0.0,Windsor Locks
arson,1.0,0.0,0.0,2.0,,0.0,0.0,0.0,0.0,1.0,0.0,Windsor Locks
robbery,2.0,1.0,7.0,1.0,,4.0,4.0,7.0,8.0,3.0,2.0,Windsor Locks
mv-theft,32.0,31.0,10.0,27.0,,7.0,10.0,11.0,23.0,22.0,28.0,Windsor Locks
burglary,27.0,38.0,30.0,56.0,,33.0,49.0,42.0,49.0,16.0,32.0,Windsor Locks
property,278.0,211.0,202.0,288.0,,198.0,225.0,228.0,241.0,188.0,192.0,Windsor Locks
violent-crimes,6,20.0,16.0,11.0,,12.0,10.0,18.0,15.0,6.0,12.0,Windsor Locks
rape,2.0,5.0,5.0,4.0,,0.0,2.0,7.0,4.0,1.0,5.0,Windsor Locks
larceny,138.0,238.0,188.0,202.0,206.0,230.0,226.0,220.0,245.0,178.0,185.0,Wolcott
assault,2.0,0.0,1.0,4.0,1.0,1.0,0.0,0.0,3.0,2.0,1.0,Wolcott
murder,0.0,0.0,0.0,0.0,1.0,0.0,0.0,0.0,0.0,0.0,0.0,Wolcott
arson,1.0,3.0,2.0,1.0,1.0,0.0,0.0,1.0,0.0,1.0,0.0,Wolcott
robbery,2.0,2.0,1.0,1.0,1.0,1.0,5.0,2.0,4.0,3.0,4.0,Wolcott
mv-theft,20.0,16.0,23.0,20.0,8.0,17.0,14.0,34.0,18.0,27.0,38.0,Wolcott
burglary,52.0,58.0,47.0,41.0,55.0,56.0,78.0,43.0,44.0,29.0,65.0,Wolcott
property,210.0,312.0,258.0,263.0,269.0,303.0,318.0,297.0,307.0,234.0,288.0,Wolcott
violent-crimes,6,4.0,2.0,5.0,4.0,4.0,6.0,4.0,7.0,5.0,5.0,Wolcott
rape,2.0,2.0,0.0,0.0,1.0,2.0,1.0,2.0,0.0,0.0,0.0,Wolcott
larceny,72.0,90.0,96.0,101.0,114.0,97.0,77.0,65.0,92.0,80.0,89.0,Woodbridge
assault,0.0,0.0,1.0,3.0,1.0,1.0,5.0,3.0,2.0,1.0,0.0,Woodbridge
murder,0.0,0.0,0.0,0.0,0.0,0.0,0.0,0.0,0.0,0.0,0.0,Woodbridge
arson,1.0,0.0,0.0,0.0,0.0,0.0,0.0,0.0,0.0,0.0,1.0,Woodbridge
robbery,4.0,1.0,3.0,6.0,0.0,0.0,2.0,2.0,3.0,1.0,1.0,Woodbridge
mv-theft,4.0,2.0,3.0,4.0,15.0,9.0,7.0,17.0,15.0,8.0,11.0,Woodbridge
burglary,10.0,9.0,12.0,37.0,27.0,19.0,23.0,14.0,29.0,45.0,32.0,Woodbridge
property,86.0,101.0,111.0,142.0,156.0,125.0,107.0,96.0,136.0,133.0,132.0,Woodbridge
violent-crimes,4,1.0,4.0,9.0,1.0,1.0,8.0,5.0,6.0,2.0,1.0,Woodbridge
rape,0.0,0.0,0.0,0.0,0.0,0.0,1.0,0.0,1.0,0.0,0.0,Woodbridge
larceny,,,,4533.0,4815.0,4124.0,4351.0,4233.0,3579.0,,3925.0,New Haven
assault,,,,1206.0,1112.0,893.0,954.0,778.0,697.0,,740.0,New Haven
murder,,,,12.0,23.0,34.0,17.0,19.0,12.0,,13.0,New Haven
arson,,,,16.0,17.0,18.0,15.0,15.0,15.0,,21.0,New Haven
robbery,,,,906.0,787.0,766.0,844.0,770.0,591.0,,400.0,New Haven
mv-theft,,,,1080.0,1013.0,942.0,714.0,753.0,598.0,,735.0,New Haven
burglary,,,,1430.0,1399.0,1413.0,1451.0,1082.0,990.0,,832.0,New Haven
property,,,,7043.0,7227.0,6479.0,6516.0,6068.0,5167.0,,5492.0,New Haven
violent-crimes,,,,2183.0,1992.0,1748.0,1870.0,1643.0,1380.0,,1219.0,New Haven
rape,,,,59.0,70.0,55.0,55.0,76.0,80.0,,66.0,New Haven
larceny,,,712.0,624.0,585.0,538.0,515.0,494.0,561.0,431.0,532.0,New London
assault,,,161.0,190.0,220.0,257.0,308.0,223.0,101.0,106.0,151.0,New London
murder,,,1.0,2.0,2.0,3.0,3.0,3.0,0.0,4.0,1.0,New London
arson,,,8.0,8.0,8.0,6.0,10.0,6.0,7.0,8.0,1.0,New London
robbery,,,22.0,56.0,50.0,41.0,45.0,50.0,40.0,26.0,30.0,New London
mv-theft,,,75.0,57.0,70.0,49.0,66.0,61.0,105.0,71.0,81.0,New London
burglary,,,165.0,216.0,257.0,227.0,183.0,236.0,180.0,138.0,130.0,New London
property,,,952.0,897.0,912.0,814.0,764.0,791.0,846.0,640.0,743.0,New London
violent-crimes,,,199.0,265.0,286.0,319.0,366.0,299.0,163.0,154.0,193.0,New London
rape,,,15.0,17.0,14.0,18.0,10.0,23.0,22.0,18.0,11.0,New London
larceny,168.0,,241.0,138.0,197.0,126.0,157.0,140.0,124.0,147.0,97.0,Plymouth
assault,12.0,,7.0,3.0,7.0,1.0,4.0,6.0,3.0,6.0,1.0,Plymouth
murder,0.0,,0.0,0.0,0.0,0.0,0.0,0.0,0.0,0.0,0.0,Plymouth
arson,4.0,,4.0,0.0,1.0,0.0,2.0,4.0,0.0,0.0,0.0,Plymouth
robbery,4.0,,5.0,2.0,4.0,1.0,0.0,0.0,1.0,2.0,1.0,Plymouth
mv-theft,14.0,,8.0,8.0,15.0,5.0,15.0,14.0,3.0,16.0,14.0,Plymouth
burglary,51.0,,40.0,44.0,58.0,35.0,38.0,52.0,45.0,23.0,20.0,Plymouth
property,233.0,,289.0,190.0,270.0,166.0,210.0,206.0,172.0,186.0,131.0,Plymouth
violent-crimes,18,,14.0,5.0,12.0,2.0,8.0,9.0,5.0,9.0,4.0,Plymouth
rape,2.0,,2.0,0.0,1.0,0.0,4.0,3.0,1.0,1.0,2.0,Plymouth
larceny,99.0,,91.0,87.0,95.0,92.0,72.0,57.0,59.0,41.0,116.0,Thomaston
assault,1.0,,1.0,2.0,1.0,4.0,4.0,4.0,3.0,3.0,7.0,Thomaston
murder,0.0,,0.0,0.0,0.0,0.0,0.0,0.0,0.0,0.0,0.0,Thomaston
arson,2.0,,2.0,0.0,1.0,2.0,0.0,0.0,0.0,1.0,1.0,Thomaston
robbery,0.0,,1.0,0.0,0.0,0.0,0.0,2.0,0.0,0.0,2.0,Thomaston
mv-theft,12.0,,18.0,10.0,5.0,8.0,8.0,5.0,6.0,4.0,8.0,Thomaston
burglary,28.0,,17.0,24.0,27.0,31.0,58.0,46.0,19.0,9.0,26.0,Thomaston
property,139.0,,126.0,121.0,127.0,131.0,138.0,108.0,84.0,54.0,150.0,Thomaston
violent-crimes,1,,2.0,2.0,1.0,4.0,4.0,6.0,3.0,4.0,12.0,Thomaston
rape,0.0,,0.0,0.0,0.0,0.0,0.0,0.0,0.0,1.0,3.0,Thomaston
